NumeActiune,Timestamp
Creare student,2022-05-04T15:43:06.898177500
NumeActiune,Timestamp
Creare student,2022-05-04T15:43:06.905465400
NumeActiune,Timestamp
Creare student,2022-05-04T15:43:06.906461500
NumeActiune,Timestamp
Creare student,2022-05-04T15:43:06.907459400
NumeActiune,Timestamp
Creare profesor,2022-05-04T15:43:06.916059500
NumeActiune,Timestamp
Creare profesor,2022-05-04T15:43:06.918273200
NumeActiune,Timestamp
Creare profesor,2022-05-04T15:43:06.919270600
NumeActiune,Timestamp
Creare profesor,2022-05-04T15:43:06.920268
NumeActiune,Timestamp
Creare student,2022-05-04T16:22:57.044106500
NumeActiune,Timestamp
Creare student,2022-05-04T16:22:57.051879300
NumeActiune,Timestamp
Creare student,2022-05-04T16:22:57.052506500
NumeActiune,Timestamp
Creare student,2022-05-04T16:22:57.087416600
NumeActiune,Timestamp
Creare profesor,2022-05-04T16:22:57.088416100
NumeActiune,Timestamp
Creare profesor,2022-05-04T16:22:57.090019400
NumeActiune,Timestamp
Creare profesor,2022-05-04T16:22:57.090019400
NumeActiune,Timestamp
Creare profesor,2022-05-04T16:22:57.091059700
Creare catalog,2022-05-22T14:40:27.655050200
Creare catalog,2022-05-22T14:40:27.660063800
Creare student,2022-05-22T14:40:27.668043500
Creare student,2022-05-22T14:40:27.672031600
Creare student,2022-05-22T14:40:27.673027200
Creare student,2022-05-22T14:40:27.674026200
Creare materie,2022-05-22T14:40:27.674347300
Creare materie,2022-05-22T14:40:27.675023100
Creare materie,2022-05-22T14:40:27.675023100
Creare materie,2022-05-22T14:40:27.676091400
Creare profesor,2022-05-22T14:40:27.676091400
Creare profesor,2022-05-22T14:40:27.678014
Creare profesor,2022-05-22T14:40:27.679065
Creare profesor,2022-05-22T14:40:27.679065
Adaugare student in catalog,2022-05-22T14:40:27.680009200
Adaugare student in catalog,2022-05-22T14:40:27.680009200
Adaugare student in catalog,2022-05-22T14:40:27.681006700
Adaugare student in catalog,2022-05-22T14:40:27.682003400
Adaugare materie in catalog,2022-05-22T14:40:27.683998700
Adaugare materie in catalog,2022-05-22T14:40:27.685992900
Adaugare materie in catalog,2022-05-22T14:40:27.685992900
Adaugare materie in catalog,2022-05-22T14:40:27.686992900
Initializare catalog,2022-05-22T14:40:27.687988200
Adaugare nota student,2022-05-22T14:40:27.688986300
Adaugare nota student,2022-05-22T14:40:27.689030500
Adaugare nota student,2022-05-22T14:40:27.689984600
Adaugare nota student,2022-05-22T14:40:27.690978600
Afisare medii descrescator,2022-05-22T14:40:27.703944600
Afisare studenti dupa nume alfabetic,2022-05-22T14:40:27.706979800
Creare catalog,2022-05-22T14:50:40.165582400
Creare catalog,2022-05-22T14:50:40.173720500
Creare student,2022-05-22T14:50:40.186207400
Creare student,2022-05-22T14:50:40.189229200
Creare student,2022-05-22T14:50:40.190229700
Creare student,2022-05-22T14:50:40.191308100
Creare materie,2022-05-22T14:50:40.192308900
Creare materie,2022-05-22T14:50:40.192308900
Creare materie,2022-05-22T14:50:40.193307
Creare materie,2022-05-22T14:50:40.194305300
Creare profesor,2022-05-22T14:50:40.194305300
Creare profesor,2022-05-22T14:50:40.196298500
Creare profesor,2022-05-22T14:50:40.197296400
Creare profesor,2022-05-22T14:50:40.198547100
Adaugare student in catalog,2022-05-22T14:50:40.199358800
Adaugare student in catalog,2022-05-22T14:50:40.199874100
Adaugare student in catalog,2022-05-22T14:50:40.200868400
Adaugare student in catalog,2022-05-22T14:50:40.201865300
Adaugare materie in catalog,2022-05-22T14:50:40.201865300
Adaugare materie in catalog,2022-05-22T14:50:40.202862600
Adaugare materie in catalog,2022-05-22T14:50:40.203392100
Adaugare materie in catalog,2022-05-22T14:50:40.204370700
Initializare catalog,2022-05-22T14:50:40.204370700
Adaugare nota student,2022-05-22T14:50:40.205369
Adaugare nota student,2022-05-22T14:50:40.206365800
Adaugare nota student,2022-05-22T14:50:40.206904200
Adaugare nota student,2022-05-22T14:50:40.207875100
Afisare medii descrescator,2022-05-22T14:50:40.221486800
Afisare studenti dupa nume alfabetic,2022-05-22T14:50:40.223467800
Creare catalog,2022-05-22T16:10:09.697590
Creare catalog,2022-05-22T16:10:09.705231600
Creare student,2022-05-22T16:10:09.714383500
Creare student,2022-05-22T16:10:09.717375600
Creare student,2022-05-22T16:10:09.717375600
Creare student,2022-05-22T16:10:09.718373200
Creare materie,2022-05-22T16:10:09.718373200
Creare materie,2022-05-22T16:10:09.719370500
Creare materie,2022-05-22T16:10:09.720367300
Creare materie,2022-05-22T16:10:09.720367300
Creare profesor,2022-05-22T16:10:09.721365100
Creare profesor,2022-05-22T16:10:09.723360100
Creare profesor,2022-05-22T16:10:09.724356900
Creare profesor,2022-05-22T16:10:09.725353500
Adaugare student in catalog,2022-05-22T16:10:09.725353500
Adaugare student in catalog,2022-05-22T16:10:09.726351200
Adaugare student in catalog,2022-05-22T16:10:09.727348800
Adaugare student in catalog,2022-05-22T16:10:09.727348800
Adaugare materie in catalog,2022-05-22T16:10:09.728438
Adaugare materie in catalog,2022-05-22T16:10:09.729343
Adaugare materie in catalog,2022-05-22T16:10:09.730342200
Adaugare materie in catalog,2022-05-22T16:10:09.730342200
Initializare catalog,2022-05-22T16:10:09.731338
Adaugare nota student,2022-05-22T16:10:09.732335100
Adaugare nota student,2022-05-22T16:10:09.733332400
Adaugare nota student,2022-05-22T16:10:09.733332400
Adaugare nota student,2022-05-22T16:10:09.734331100
Afisare medii descrescator,2022-05-22T16:10:09.750196300
Afisare studenti dupa nume alfabetic,2022-05-22T16:10:09.753173800
Creare catalog,2022-05-22T16:15:37.474275200
Creare catalog,2022-05-22T16:15:37.490201700
Creare student,2022-05-22T16:15:37.524569800
Creare student,2022-05-22T16:15:37.538694200
Creare student,2022-05-22T16:15:37.539692100
Creare student,2022-05-22T16:15:37.540859700
Creare materie,2022-05-22T16:15:37.542611200
Creare materie,2022-05-22T16:15:37.543856300
Creare materie,2022-05-22T16:15:37.544853800
Creare materie,2022-05-22T16:15:37.545849900
Creare profesor,2022-05-22T16:15:37.546848400
Creare profesor,2022-05-22T16:15:37.558459900
Creare profesor,2022-05-22T16:15:37.559562600
Creare profesor,2022-05-22T16:15:37.560092400
Adaugare student in catalog,2022-05-22T16:15:37.561070700
Adaugare student in catalog,2022-05-22T16:15:37.562067700
Adaugare student in catalog,2022-05-22T16:15:37.563065600
Adaugare student in catalog,2022-05-22T16:15:37.564235600
Adaugare materie in catalog,2022-05-22T16:15:37.565060300
Adaugare materie in catalog,2022-05-22T16:15:37.567054600
Adaugare materie in catalog,2022-05-22T16:15:37.568052600
Adaugare materie in catalog,2022-05-22T16:15:37.570129900
Initializare catalog,2022-05-22T16:15:37.571109
Adaugare nota student,2022-05-22T16:15:37.572107300
Adaugare nota student,2022-05-22T16:15:37.576095400
Adaugare nota student,2022-05-22T16:15:37.578089900
Adaugare nota student,2022-05-22T16:15:37.579087100
Afisare medii descrescator,2022-05-22T16:15:37.608066900
Afisare studenti dupa nume alfabetic,2022-05-22T16:15:37.614155
Creare catalog,2022-05-22T16:15:39.122856700
Creare catalog,2022-05-22T16:15:39.130804200
Creare student,2022-05-22T16:15:39.139784900
Creare student,2022-05-22T16:15:39.143561200
Creare student,2022-05-22T16:15:39.144258100
Creare student,2022-05-22T16:15:39.145238400
Creare materie,2022-05-22T16:15:39.145238400
Creare materie,2022-05-22T16:15:39.146236900
Creare materie,2022-05-22T16:15:39.150738
Creare materie,2022-05-22T16:15:39.153474700
Creare profesor,2022-05-22T16:15:39.154470900
Creare profesor,2022-05-22T16:15:39.157772400
Creare profesor,2022-05-22T16:15:39.158964700
Creare profesor,2022-05-22T16:15:39.165921600
Adaugare student in catalog,2022-05-22T16:15:39.166922200
Adaugare student in catalog,2022-05-22T16:15:39.177958600
Adaugare student in catalog,2022-05-22T16:15:39.178956
Adaugare student in catalog,2022-05-22T16:15:39.179352600
Adaugare materie in catalog,2022-05-22T16:15:39.190923600
Adaugare materie in catalog,2022-05-22T16:15:39.191907500
Adaugare materie in catalog,2022-05-22T16:15:39.193902500
Adaugare materie in catalog,2022-05-22T16:15:39.195415400
Initializare catalog,2022-05-22T16:15:39.196416400
Adaugare nota student,2022-05-22T16:15:39.197155700
Adaugare nota student,2022-05-22T16:15:39.198111800
Adaugare nota student,2022-05-22T16:15:39.198931200
Adaugare nota student,2022-05-22T16:15:39.199923500
Afisare medii descrescator,2022-05-22T16:15:39.217505400
Afisare studenti dupa nume alfabetic,2022-05-22T16:15:39.246049500
Creare catalog,2022-05-22T16:18:10.634895
Creare catalog,2022-05-22T16:18:10.639883
Creare student,2022-05-22T16:18:10.645865400
Creare student,2022-05-22T16:18:10.648926100
Creare student,2022-05-22T16:18:10.648926100
Creare student,2022-05-22T16:18:10.650243600
Creare materie,2022-05-22T16:18:10.650243600
Creare materie,2022-05-22T16:18:10.651232600
Creare materie,2022-05-22T16:18:10.651232600
Creare materie,2022-05-22T16:18:10.652230200
Creare profesor,2022-05-22T16:18:10.653227100
Creare profesor,2022-05-22T16:18:10.654224800
Creare profesor,2022-05-22T16:18:10.655221600
Creare profesor,2022-05-22T16:18:10.656219600
Adaugare student in catalog,2022-05-22T16:18:10.656219600
Adaugare student in catalog,2022-05-22T16:18:10.657265600
Adaugare student in catalog,2022-05-22T16:18:10.657265600
Adaugare student in catalog,2022-05-22T16:18:10.658214100
Adaugare materie in catalog,2022-05-22T16:18:10.659212100
Adaugare materie in catalog,2022-05-22T16:18:10.660209200
Adaugare materie in catalog,2022-05-22T16:18:10.660209200
Adaugare materie in catalog,2022-05-22T16:18:10.661206900
Initializare catalog,2022-05-22T16:18:10.662203600
Adaugare nota student,2022-05-22T16:18:10.662203600
Adaugare nota student,2022-05-22T16:18:10.663201800
Adaugare nota student,2022-05-22T16:18:10.664198900
Adaugare nota student,2022-05-22T16:18:10.664198900
Afisare medii descrescator,2022-05-22T16:18:10.677280300
Afisare studenti dupa nume alfabetic,2022-05-22T16:18:10.680287800
Creare catalog,2022-05-22T16:19:04.539512900
Creare catalog,2022-05-22T16:19:04.545521700
Creare student,2022-05-22T16:19:04.554496900
Creare student,2022-05-22T16:19:04.557490
Creare student,2022-05-22T16:19:04.557490
Creare student,2022-05-22T16:19:04.558486300
Creare materie,2022-05-22T16:19:04.559483700
Creare materie,2022-05-22T16:19:04.559483700
Creare materie,2022-05-22T16:19:04.560480700
Creare materie,2022-05-22T16:19:04.560480700
Creare profesor,2022-05-22T16:19:04.561478600
Creare profesor,2022-05-22T16:19:04.563474800
Creare profesor,2022-05-22T16:19:04.564472700
Creare profesor,2022-05-22T16:19:04.565469500
Adaugare student in catalog,2022-05-22T16:19:04.566466900
Adaugare student in catalog,2022-05-22T16:19:04.567462800
Adaugare student in catalog,2022-05-22T16:19:04.567462800
Adaugare student in catalog,2022-05-22T16:19:04.568721100
Adaugare materie in catalog,2022-05-22T16:19:04.569458800
Adaugare materie in catalog,2022-05-22T16:19:04.569458800
Adaugare materie in catalog,2022-05-22T16:19:04.570474
Adaugare materie in catalog,2022-05-22T16:19:04.570474
Initializare catalog,2022-05-22T16:19:04.571474900
Adaugare nota student,2022-05-22T16:19:04.572472700
Adaugare nota student,2022-05-22T16:19:04.572472700
Adaugare nota student,2022-05-22T16:19:04.573469900
Adaugare nota student,2022-05-22T16:19:04.573469900
Afisare medii descrescator,2022-05-22T16:19:04.586434200
Afisare studenti dupa nume alfabetic,2022-05-22T16:19:04.588429300
Creare catalog,2022-05-22T16:19:40.375095200
Creare catalog,2022-05-22T16:19:40.383968500
Creare student,2022-05-22T16:19:40.394131300
Creare student,2022-05-22T16:19:40.398122700
Creare student,2022-05-22T16:19:40.399179800
Creare student,2022-05-22T16:19:40.400115400
Creare materie,2022-05-22T16:19:40.401113700
Creare materie,2022-05-22T16:19:40.402110400
Creare materie,2022-05-22T16:19:40.402110400
Creare materie,2022-05-22T16:19:40.403108200
Creare profesor,2022-05-22T16:19:40.404104100
Creare profesor,2022-05-22T16:19:40.407117900
Creare profesor,2022-05-22T16:19:40.408093200
Creare profesor,2022-05-22T16:19:40.409090900
Adaugare student in catalog,2022-05-22T16:19:40.410310800
Adaugare student in catalog,2022-05-22T16:19:40.411301500
Adaugare student in catalog,2022-05-22T16:19:40.412299100
Adaugare student in catalog,2022-05-22T16:19:40.413296300
Adaugare materie in catalog,2022-05-22T16:19:40.414293500
Adaugare materie in catalog,2022-05-22T16:19:40.415290600
Adaugare materie in catalog,2022-05-22T16:19:40.415290600
Adaugare materie in catalog,2022-05-22T16:19:40.416288
Initializare catalog,2022-05-22T16:19:40.417285400
Adaugare nota student,2022-05-22T16:19:40.418283200
Adaugare nota student,2022-05-22T16:19:40.418283200
Adaugare nota student,2022-05-22T16:19:40.419280
Adaugare nota student,2022-05-22T16:19:40.420278400
Afisare medii descrescator,2022-05-22T16:19:40.433607500
Afisare studenti dupa nume alfabetic,2022-05-22T16:19:40.436597800
Creare catalog,2022-05-22T16:20:39.666230400
Creare catalog,2022-05-22T16:20:39.672214700
Creare student,2022-05-22T16:20:39.681297400
Creare student,2022-05-22T16:20:39.684183100
Creare student,2022-05-22T16:20:39.685435900
Creare student,2022-05-22T16:20:39.686177500
Creare materie,2022-05-22T16:20:39.686177500
Creare materie,2022-05-22T16:20:39.687354600
Creare materie,2022-05-22T16:20:39.688312
Creare materie,2022-05-22T16:20:39.689169
Creare profesor,2022-05-22T16:20:39.690168600
Creare profesor,2022-05-22T16:20:39.692163900
Creare profesor,2022-05-22T16:20:39.692163900
Creare profesor,2022-05-22T16:20:39.693159800
Adaugare student in catalog,2022-05-22T16:20:39.696150900
Adaugare student in catalog,2022-05-22T16:20:39.698146
Adaugare student in catalog,2022-05-22T16:20:39.699547300
Adaugare student in catalog,2022-05-22T16:20:39.701656200
Adaugare materie in catalog,2022-05-22T16:20:39.702764
Adaugare materie in catalog,2022-05-22T16:20:39.703650500
Adaugare materie in catalog,2022-05-22T16:20:39.704647700
Adaugare materie in catalog,2022-05-22T16:20:39.705645800
Initializare catalog,2022-05-22T16:20:39.706642200
Adaugare nota student,2022-05-22T16:20:39.707640
Adaugare nota student,2022-05-22T16:20:39.709636700
Adaugare nota student,2022-05-22T16:20:39.710632400
Adaugare nota student,2022-05-22T16:20:39.712626900
Afisare medii descrescator,2022-05-22T16:20:39.729527300
Afisare studenti dupa nume alfabetic,2022-05-22T16:20:39.733398400
Creare catalog,2022-05-31T08:39:00.546635700
Creare catalog,2022-05-31T08:39:00.551728100
Creare student,2022-05-31T08:39:00.554983300
Creare student,2022-05-31T08:39:00.556987500
Creare student,2022-05-31T08:39:00.557977400
Creare student,2022-05-31T08:39:00.557977400
Creare materie,2022-05-31T08:39:00.558983400
Creare materie,2022-05-31T08:39:00.560980800
Creare materie,2022-05-31T08:39:00.560980800
Creare materie,2022-05-31T08:39:00.561975800
Creare profesor,2022-05-31T08:39:00.562973300
Creare profesor,2022-05-31T08:39:00.564975100
Creare profesor,2022-05-31T08:39:00.565966700
Creare profesor,2022-05-31T08:39:00.566962300
Adaugare student in catalog,2022-05-31T08:39:00.566962300
Adaugare student in catalog,2022-05-31T08:39:00.567958900
Adaugare student in catalog,2022-05-31T08:39:00.568956900
Adaugare student in catalog,2022-05-31T08:39:00.568956900
Adaugare materie in catalog,2022-05-31T08:39:00.569954400
Adaugare materie in catalog,2022-05-31T08:39:00.570952
Adaugare materie in catalog,2022-05-31T08:39:00.570952
Adaugare materie in catalog,2022-05-31T08:39:00.571949600
Initializare catalog,2022-05-31T08:39:00.572946200
Adaugare nota student,2022-05-31T08:39:00.573945600
Adaugare nota student,2022-05-31T08:39:00.575020500
Adaugare nota student,2022-05-31T08:39:00.576017500
Adaugare nota student,2022-05-31T08:39:00.576958600
Afisare medii descrescator,2022-05-31T08:39:00.587354100
Afisare studenti dupa nume alfabetic,2022-05-31T08:39:00.590347700
Adaugare student,2022-05-31T08:39:04.728269500
Creare catalog,2022-05-31T08:42:27.538282600
Creare catalog,2022-05-31T08:42:27.542272600
Creare student,2022-05-31T08:42:27.548382100
Creare student,2022-05-31T08:42:27.550377400
Creare student,2022-05-31T08:42:27.550377400
Creare student,2022-05-31T08:42:27.551375200
Creare materie,2022-05-31T08:42:27.552372
Creare materie,2022-05-31T08:42:27.552372
Creare materie,2022-05-31T08:42:27.553369300
Creare materie,2022-05-31T08:42:27.553369300
Creare profesor,2022-05-31T08:42:27.554365800
Creare profesor,2022-05-31T08:42:27.555365
Creare profesor,2022-05-31T08:42:27.556360600
Creare profesor,2022-05-31T08:42:27.556360600
Adaugare student in catalog,2022-05-31T08:42:27.557358500
Adaugare student in catalog,2022-05-31T08:42:27.557358500
Adaugare student in catalog,2022-05-31T08:42:27.558358800
Adaugare student in catalog,2022-05-31T08:42:27.558358800
Adaugare materie in catalog,2022-05-31T08:42:27.559372800
Adaugare materie in catalog,2022-05-31T08:42:27.559372800
Adaugare materie in catalog,2022-05-31T08:42:27.560370400
Adaugare materie in catalog,2022-05-31T08:42:27.561368400
Initializare catalog,2022-05-31T08:42:27.561368400
Adaugare nota student,2022-05-31T08:42:27.562366400
Adaugare nota student,2022-05-31T08:42:27.562366400
Adaugare nota student,2022-05-31T08:42:27.562366400
Adaugare nota student,2022-05-31T08:42:27.563362900
Afisare medii descrescator,2022-05-31T08:42:27.572855
Afisare studenti dupa nume alfabetic,2022-05-31T08:42:27.575137200
Creare catalog,2022-05-31T08:42:37.021274
Creare catalog,2022-05-31T08:42:37.026536
Creare student,2022-05-31T08:42:37.039528500
Creare student,2022-05-31T08:42:37.104072600
Creare student,2022-05-31T08:42:37.107999900
Creare student,2022-05-31T08:42:37.209714700
Creare materie,2022-05-31T08:42:37.223147500
Creare materie,2022-05-31T08:42:37.227811
Creare materie,2022-05-31T08:42:37.228807700
Creare materie,2022-05-31T08:42:37.241468400
Creare profesor,2022-05-31T08:42:37.242873300
Creare profesor,2022-05-31T08:42:37.245973800
Creare profesor,2022-05-31T08:42:37.250727500
Creare profesor,2022-05-31T08:42:37.258189300
Adaugare student in catalog,2022-05-31T08:42:37.261090400
Adaugare student in catalog,2022-05-31T08:42:37.265524700
Adaugare student in catalog,2022-05-31T08:42:37.267540600
Adaugare student in catalog,2022-05-31T08:42:37.269731800
Adaugare materie in catalog,2022-05-31T08:42:37.272295400
Adaugare materie in catalog,2022-05-31T08:42:37.275383100
Adaugare materie in catalog,2022-05-31T08:42:37.277107200
Adaugare materie in catalog,2022-05-31T08:42:37.278249900
Initializare catalog,2022-05-31T08:42:37.279246600
Adaugare nota student,2022-05-31T08:42:37.281982500
Adaugare nota student,2022-05-31T08:42:37.282972800
Adaugare nota student,2022-05-31T08:42:37.283961600
Adaugare nota student,2022-05-31T08:42:37.285961300
Afisare medii descrescator,2022-05-31T08:42:37.311047400
Afisare studenti dupa nume alfabetic,2022-05-31T08:42:37.315854
Creare catalog,2022-05-31T08:42:52.888887600
Creare catalog,2022-05-31T08:42:52.893508500
Creare student,2022-05-31T08:42:52.900489400
Creare student,2022-05-31T08:42:52.902582700
Creare student,2022-05-31T08:42:52.903581300
Creare student,2022-05-31T08:42:52.903581300
Creare materie,2022-05-31T08:42:52.904577400
Creare materie,2022-05-31T08:42:52.905618100
Creare materie,2022-05-31T08:42:52.906614700
Creare materie,2022-05-31T08:42:52.906824900
Creare profesor,2022-05-31T08:42:52.906824900
Creare profesor,2022-05-31T08:42:52.908820500
Creare profesor,2022-05-31T08:42:52.908820500
Creare profesor,2022-05-31T08:42:52.909817100
Adaugare student in catalog,2022-05-31T08:42:52.909817100
Adaugare student in catalog,2022-05-31T08:42:52.910816
Adaugare student in catalog,2022-05-31T08:42:52.910816
Adaugare student in catalog,2022-05-31T08:42:52.911811800
Adaugare materie in catalog,2022-05-31T08:42:52.911811800
Adaugare materie in catalog,2022-05-31T08:42:52.912811300
Adaugare materie in catalog,2022-05-31T08:42:52.912811300
Adaugare materie in catalog,2022-05-31T08:42:52.913806400
Initializare catalog,2022-05-31T08:42:52.914803700
Adaugare nota student,2022-05-31T08:42:52.914803700
Adaugare nota student,2022-05-31T08:42:52.915803500
Adaugare nota student,2022-05-31T08:42:52.915803500
Adaugare nota student,2022-05-31T08:42:52.915803500
Afisare medii descrescator,2022-05-31T08:42:52.926467700
Afisare studenti dupa nume alfabetic,2022-05-31T08:42:52.928844
Creare student,2022-05-31T08:43:17.441543900
Adaugare student,2022-05-31T08:43:17.442535100
Creare catalog,2022-05-31T08:47:20.761076700
Creare catalog,2022-05-31T08:47:20.766063700
Creare student,2022-05-31T08:47:20.772083
Creare student,2022-05-31T08:47:20.774547800
Creare student,2022-05-31T08:47:20.775545400
Creare student,2022-05-31T08:47:20.775545400
Creare materie,2022-05-31T08:47:20.776542300
Creare materie,2022-05-31T08:47:20.777539600
Creare materie,2022-05-31T08:47:20.778537
Creare materie,2022-05-31T08:47:20.778537
Creare profesor,2022-05-31T08:47:20.779534
Creare profesor,2022-05-31T08:47:20.781531900
Creare profesor,2022-05-31T08:47:20.781531900
Creare profesor,2022-05-31T08:47:20.782528600
Adaugare student in catalog,2022-05-31T08:47:20.783525800
Adaugare student in catalog,2022-05-31T08:47:20.783525800
Adaugare student in catalog,2022-05-31T08:47:20.784521500
Adaugare student in catalog,2022-05-31T08:47:20.784521500
Adaugare materie in catalog,2022-05-31T08:47:20.785601800
Adaugare materie in catalog,2022-05-31T08:47:20.786598800
Adaugare materie in catalog,2022-05-31T08:47:20.786598800
Adaugare materie in catalog,2022-05-31T08:47:20.787596
Initializare catalog,2022-05-31T08:47:20.787596
Adaugare nota student,2022-05-31T08:47:20.788593200
Adaugare nota student,2022-05-31T08:47:20.789590200
Adaugare nota student,2022-05-31T08:47:20.789590200
Adaugare nota student,2022-05-31T08:47:20.790644200
Afisare medii descrescator,2022-05-31T08:47:20.800619900
Afisare studenti dupa nume alfabetic,2022-05-31T08:47:20.802615800
Creare student,2022-05-31T08:47:38.863514500
Creare catalog,2022-05-31T08:53:45.864649500
Creare catalog,2022-05-31T08:53:45.869045100
Creare student,2022-05-31T08:53:45.875611100
Creare student,2022-05-31T08:53:45.877606300
Creare student,2022-05-31T08:53:45.877606300
Creare student,2022-05-31T08:53:45.878605
Creare materie,2022-05-31T08:53:45.879600200
Creare materie,2022-05-31T08:53:45.879600200
Creare materie,2022-05-31T08:53:45.880598800
Creare materie,2022-05-31T08:53:45.880598800
Creare profesor,2022-05-31T08:53:45.881596
Creare profesor,2022-05-31T08:53:45.882653900
Creare profesor,2022-05-31T08:53:45.882653900
Creare profesor,2022-05-31T08:53:45.883651500
Adaugare student in catalog,2022-05-31T08:53:45.884649800
Adaugare student in catalog,2022-05-31T08:53:45.884649800
Adaugare student in catalog,2022-05-31T08:53:45.885646
Adaugare student in catalog,2022-05-31T08:53:45.885646
Adaugare materie in catalog,2022-05-31T08:53:45.886644200
Adaugare materie in catalog,2022-05-31T08:53:45.886644200
Adaugare materie in catalog,2022-05-31T08:53:45.887641900
Adaugare materie in catalog,2022-05-31T08:53:45.888638900
Initializare catalog,2022-05-31T08:53:45.888638900
Adaugare nota student,2022-05-31T08:53:45.889635900
Adaugare nota student,2022-05-31T08:53:45.890632900
Adaugare nota student,2022-05-31T08:53:45.890632900
Adaugare nota student,2022-05-31T08:53:45.891630600
Afisare medii descrescator,2022-05-31T08:53:45.900899
Afisare studenti dupa nume alfabetic,2022-05-31T08:53:45.902595300
Creare profesor,2022-05-31T08:54:00.435745
Creare catalog,2022-05-31T09:04:10.135029900
Creare catalog,2022-05-31T09:04:10.141748300
Creare student,2022-05-31T09:04:10.964492700
Creare student,2022-05-31T09:04:10.981488700
Creare student,2022-05-31T09:04:10.984526400
Creare student,2022-05-31T09:04:10.987726700
Creare materie,2022-05-31T09:04:10.991356700
Creare materie,2022-05-31T09:04:11.005016
Creare materie,2022-05-31T09:04:11.008008100
Creare materie,2022-05-31T09:04:11.012333100
Creare profesor,2022-05-31T09:04:11.015873200
Creare profesor,2022-05-31T09:04:11.019929200
Creare profesor,2022-05-31T09:04:11.024069100
Creare profesor,2022-05-31T09:04:11.028058500
Adaugare student in catalog,2022-05-31T09:04:11.031252
Adaugare student in catalog,2022-05-31T09:04:11.032248600
Adaugare student in catalog,2022-05-31T09:04:11.032248600
Adaugare student in catalog,2022-05-31T09:04:11.033246
Adaugare materie in catalog,2022-05-31T09:04:11.033246
Adaugare materie in catalog,2022-05-31T09:04:11.034243200
Adaugare materie in catalog,2022-05-31T09:04:11.035240800
Adaugare materie in catalog,2022-05-31T09:04:11.035673200
Initializare catalog,2022-05-31T09:04:11.036670300
Adaugare nota student,2022-05-31T09:04:11.036670300
Adaugare nota student,2022-05-31T09:04:11.037667400
Adaugare nota student,2022-05-31T09:04:11.038608600
Adaugare nota student,2022-05-31T09:04:11.038608600
Creare catalog,2022-05-31T09:07:05.952262800
Creare catalog,2022-05-31T09:07:05.982725300
Creare student,2022-05-31T09:07:06.861762100
Creare student,2022-05-31T09:07:06.872993300
Creare student,2022-05-31T09:07:06.875984300
Creare student,2022-05-31T09:07:06.879983600
Creare materie,2022-05-31T09:07:06.884046
Creare materie,2022-05-31T09:07:06.887470300
Creare materie,2022-05-31T09:07:06.890177100
Creare materie,2022-05-31T09:07:06.893646200
Creare profesor,2022-05-31T09:07:06.896667400
Creare profesor,2022-05-31T09:07:06.901219800
Creare profesor,2022-05-31T09:07:06.904614200
Creare profesor,2022-05-31T09:07:06.906965500
Adaugare student in catalog,2022-05-31T09:07:06.909957200
Adaugare student in catalog,2022-05-31T09:07:06.909957200
Adaugare student in catalog,2022-05-31T09:07:06.910954300
Adaugare student in catalog,2022-05-31T09:07:06.910954300
Adaugare materie in catalog,2022-05-31T09:07:06.911952200
Adaugare materie in catalog,2022-05-31T09:07:06.911952200
Adaugare materie in catalog,2022-05-31T09:07:06.912949
Adaugare materie in catalog,2022-05-31T09:07:06.912949
Initializare catalog,2022-05-31T09:07:06.913946400
Adaugare nota student,2022-05-31T09:07:06.914205100
Adaugare nota student,2022-05-31T09:07:06.914205100
Adaugare nota student,2022-05-31T09:07:06.915201500
Adaugare nota student,2022-05-31T09:07:06.915654
Creare catalog,2022-05-31T09:07:45.310829800
Creare catalog,2022-05-31T09:07:45.315780300
Creare student,2022-05-31T09:07:46.168432600
Creare student,2022-05-31T09:07:46.174659600
Creare student,2022-05-31T09:07:46.178761
Creare student,2022-05-31T09:07:46.183179300
Creare materie,2022-05-31T09:07:46.187338300
Creare materie,2022-05-31T09:07:46.191010500
Creare materie,2022-05-31T09:07:46.194689100
Creare materie,2022-05-31T09:07:46.197683700
Creare profesor,2022-05-31T09:07:46.201203900
Creare profesor,2022-05-31T09:07:46.206272900
Creare profesor,2022-05-31T09:07:46.210293200
Creare profesor,2022-05-31T09:07:46.213285400
Adaugare student in catalog,2022-05-31T09:07:46.217339900
Adaugare student in catalog,2022-05-31T09:07:46.218380700
Adaugare student in catalog,2022-05-31T09:07:46.219378
Adaugare student in catalog,2022-05-31T09:07:46.219378
Adaugare materie in catalog,2022-05-31T09:07:46.220375700
Adaugare materie in catalog,2022-05-31T09:07:46.220375700
Adaugare materie in catalog,2022-05-31T09:07:46.221373300
Adaugare materie in catalog,2022-05-31T09:07:46.221373300
Initializare catalog,2022-05-31T09:07:46.222416100
Adaugare nota student,2022-05-31T09:07:46.222416100
Adaugare nota student,2022-05-31T09:07:46.223430400
Adaugare nota student,2022-05-31T09:07:46.223430400
Adaugare nota student,2022-05-31T09:07:46.224450800
Creare catalog,2022-05-31T09:10:46.602547200
Creare catalog,2022-05-31T09:10:46.607534100
Creare student,2022-05-31T09:10:47.600773800
Creare student,2022-05-31T09:10:47.607065200
Creare student,2022-05-31T09:10:47.610057200
Creare student,2022-05-31T09:10:47.616649
Creare materie,2022-05-31T09:10:47.623949900
Creare materie,2022-05-31T09:10:47.626937
Creare materie,2022-05-31T09:10:47.631082300
Creare materie,2022-05-31T09:10:47.635119
Creare profesor,2022-05-31T09:10:47.642056200
Creare profesor,2022-05-31T09:10:47.646094500
Creare profesor,2022-05-31T09:10:47.650083800
Creare profesor,2022-05-31T09:10:47.653075800
Adaugare student in catalog,2022-05-31T09:10:47.656220
Adaugare student in catalog,2022-05-31T09:10:47.657218100
Adaugare student in catalog,2022-05-31T09:10:47.657218100
Adaugare student in catalog,2022-05-31T09:10:47.658215900
Adaugare materie in catalog,2022-05-31T09:10:47.658215900
Adaugare materie in catalog,2022-05-31T09:10:47.658215900
Adaugare materie in catalog,2022-05-31T09:10:47.659246100
Adaugare materie in catalog,2022-05-31T09:10:47.659246100
Initializare catalog,2022-05-31T09:10:47.660211500
Adaugare nota student,2022-05-31T09:10:47.660211500
Adaugare nota student,2022-05-31T09:10:47.661225400
Adaugare nota student,2022-05-31T09:10:47.661225400
Adaugare nota student,2022-05-31T09:10:47.662251700
Creare catalog,2022-05-31T09:23:49.502706800
Creare catalog,2022-05-31T09:23:49.507985700
Creare student,2022-05-31T09:23:50.491193
Creare student,2022-05-31T09:23:50.497784
Creare student,2022-05-31T09:23:50.500778800
Creare student,2022-05-31T09:23:50.504721700
Creare materie,2022-05-31T09:23:50.510973600
Creare materie,2022-05-31T09:23:50.514909100
Creare materie,2022-05-31T09:23:50.518234
Creare materie,2022-05-31T09:23:50.520574100
Creare profesor,2022-05-31T09:23:50.526557
Creare profesor,2022-05-31T09:23:50.533963100
Creare profesor,2022-05-31T09:23:50.536954700
Creare profesor,2022-05-31T09:23:50.540452600
Adaugare student in catalog,2022-05-31T09:23:50.542862200
Adaugare student in catalog,2022-05-31T09:23:50.542862200
Adaugare student in catalog,2022-05-31T09:23:50.543859500
Adaugare student in catalog,2022-05-31T09:23:50.543859500
Adaugare materie in catalog,2022-05-31T09:23:50.544930
Adaugare materie in catalog,2022-05-31T09:23:50.544930
Adaugare materie in catalog,2022-05-31T09:23:50.545927100
Adaugare materie in catalog,2022-05-31T09:23:50.545927100
Initializare catalog,2022-05-31T09:23:50.546925300
Adaugare nota student,2022-05-31T09:23:50.546925300
Adaugare nota student,2022-05-31T09:23:50.547923900
Adaugare nota student,2022-05-31T09:23:50.548919400
Adaugare nota student,2022-05-31T09:23:50.548919400
Creare catalog,2022-05-31T09:24:23.628120
Creare catalog,2022-05-31T09:24:23.634154700
Creare student,2022-05-31T09:24:24.882991600
Creare student,2022-05-31T09:24:24.888281100
Creare student,2022-05-31T09:24:24.891961500
Creare student,2022-05-31T09:24:24.895951
Creare materie,2022-05-31T09:24:24.902512
Creare materie,2022-05-31T09:24:24.905327800
Creare materie,2022-05-31T09:24:24.909657800
Creare materie,2022-05-31T09:24:24.912662400
Creare profesor,2022-05-31T09:24:24.918901300
Creare profesor,2022-05-31T09:24:24.923747200
Creare profesor,2022-05-31T09:24:24.927322300
Creare profesor,2022-05-31T09:24:24.930878300
Adaugare student in catalog,2022-05-31T09:24:24.934900800
Adaugare student in catalog,2022-05-31T09:24:24.934900800
Adaugare student in catalog,2022-05-31T09:24:24.935867500
Adaugare student in catalog,2022-05-31T09:24:24.935867500
Adaugare materie in catalog,2022-05-31T09:24:24.936863500
Adaugare materie in catalog,2022-05-31T09:24:24.936863500
Adaugare materie in catalog,2022-05-31T09:24:24.936863500
Adaugare materie in catalog,2022-05-31T09:24:24.937894100
Initializare catalog,2022-05-31T09:24:24.937894100
Adaugare nota student,2022-05-31T09:24:24.938892100
Adaugare nota student,2022-05-31T09:24:24.938892100
Adaugare nota student,2022-05-31T09:24:24.938892100
Adaugare nota student,2022-05-31T09:24:24.939889
Creare catalog,2022-05-31T09:25:29.632992400
Creare catalog,2022-05-31T09:25:29.637904400
Creare student,2022-05-31T09:25:30.499395
Creare student,2022-05-31T09:25:30.504379
Creare student,2022-05-31T09:25:30.508325500
Creare student,2022-05-31T09:25:30.517567200
Creare materie,2022-05-31T09:25:30.524444100
Creare materie,2022-05-31T09:25:30.528432500
Creare materie,2022-05-31T09:25:30.532421300
Creare materie,2022-05-31T09:25:30.535415600
Creare profesor,2022-05-31T09:25:30.541546
Creare profesor,2022-05-31T09:25:30.547844300
Creare profesor,2022-05-31T09:25:30.552201900
Creare profesor,2022-05-31T09:25:30.555765200
Adaugare student in catalog,2022-05-31T09:25:30.559670700
Adaugare student in catalog,2022-05-31T09:25:30.560752300
Adaugare student in catalog,2022-05-31T09:25:30.560870700
Adaugare student in catalog,2022-05-31T09:25:30.562002500
Adaugare materie in catalog,2022-05-31T09:25:30.562002500
Adaugare materie in catalog,2022-05-31T09:25:30.563309400
Adaugare materie in catalog,2022-05-31T09:25:30.563309400
Adaugare materie in catalog,2022-05-31T09:25:30.564305900
Initializare catalog,2022-05-31T09:25:30.565304200
Adaugare nota student,2022-05-31T09:25:30.565466400
Adaugare nota student,2022-05-31T09:25:30.566462900
Adaugare nota student,2022-05-31T09:25:30.567460500
Adaugare nota student,2022-05-31T09:25:30.567460500
Creare catalog,2022-05-31T09:25:54.762231800
Creare catalog,2022-05-31T09:25:54.767518600
Creare student,2022-05-31T09:25:55.682232500
Creare student,2022-05-31T09:25:55.687043300
Creare student,2022-05-31T09:25:55.690591900
Creare student,2022-05-31T09:25:55.696020100
Creare materie,2022-05-31T09:25:55.702828300
Creare materie,2022-05-31T09:25:55.706107900
Creare materie,2022-05-31T09:25:55.709865100
Creare materie,2022-05-31T09:25:55.713188800
Creare profesor,2022-05-31T09:25:55.721405900
Creare profesor,2022-05-31T09:25:55.728882700
Creare profesor,2022-05-31T09:25:55.733802400
Creare profesor,2022-05-31T09:25:55.737417700
Adaugare student in catalog,2022-05-31T09:25:55.740651800
Adaugare student in catalog,2022-05-31T09:25:55.741686100
Adaugare student in catalog,2022-05-31T09:25:55.742683500
Adaugare student in catalog,2022-05-31T09:25:55.743682100
Adaugare materie in catalog,2022-05-31T09:25:55.743682100
Adaugare materie in catalog,2022-05-31T09:25:55.744678600
Adaugare materie in catalog,2022-05-31T09:25:55.745675600
Adaugare materie in catalog,2022-05-31T09:25:55.746674400
Initializare catalog,2022-05-31T09:25:55.746674400
Adaugare nota student,2022-05-31T09:25:55.747670300
Adaugare nota student,2022-05-31T09:25:55.748667900
Adaugare nota student,2022-05-31T09:25:55.748667900
Adaugare nota student,2022-05-31T09:25:55.749665300
Creare catalog,2022-05-31T09:27:46.298876200
Creare catalog,2022-05-31T09:27:46.304486200
Creare student,2022-05-31T09:27:47.193841900
Creare student,2022-05-31T09:27:47.198828300
Creare student,2022-05-31T09:27:47.202937800
Creare student,2022-05-31T09:27:47.207915500
Creare materie,2022-05-31T09:27:47.220280300
Creare materie,2022-05-31T09:27:47.225794900
Creare materie,2022-05-31T09:27:47.231765600
Creare materie,2022-05-31T09:27:47.236064400
Creare profesor,2022-05-31T09:27:47.248120500
Creare profesor,2022-05-31T09:27:47.252647700
Creare profesor,2022-05-31T09:27:47.256970900
Creare profesor,2022-05-31T09:27:47.260296200
Adaugare student in catalog,2022-05-31T09:27:47.263861200
Adaugare student in catalog,2022-05-31T09:27:47.263861200
Adaugare student in catalog,2022-05-31T09:27:47.264858400
Adaugare student in catalog,2022-05-31T09:27:47.264858400
Adaugare materie in catalog,2022-05-31T09:27:47.265857200
Adaugare materie in catalog,2022-05-31T09:27:47.266852800
Adaugare materie in catalog,2022-05-31T09:27:47.266852800
Adaugare materie in catalog,2022-05-31T09:27:47.267851900
Initializare catalog,2022-05-31T09:27:47.267851900
Adaugare nota student,2022-05-31T09:27:47.268849200
Adaugare nota student,2022-05-31T09:27:47.268849200
Adaugare nota student,2022-05-31T09:27:47.268849200
Adaugare nota student,2022-05-31T09:27:47.269847500
Creare catalog,2022-05-31T09:30:21.215724
Creare catalog,2022-05-31T09:30:21.220710900
Creare student,2022-05-31T09:30:22.136706500
Creare student,2022-05-31T09:30:22.150685600
Creare student,2022-05-31T09:30:22.155771400
Creare student,2022-05-31T09:30:22.160168700
Creare materie,2022-05-31T09:30:22.166551300
Creare materie,2022-05-31T09:30:22.170010600
Creare materie,2022-05-31T09:30:22.173733800
Creare materie,2022-05-31T09:30:22.177189600
Creare profesor,2022-05-31T09:30:22.184181200
Creare profesor,2022-05-31T09:30:22.189308100
Creare profesor,2022-05-31T09:30:22.192318
Creare profesor,2022-05-31T09:30:22.195310800
Adaugare student in catalog,2022-05-31T09:30:22.199586500
Adaugare student in catalog,2022-05-31T09:30:22.199586500
Adaugare student in catalog,2022-05-31T09:30:22.200398400
Adaugare student in catalog,2022-05-31T09:30:22.201459
Adaugare materie in catalog,2022-05-31T09:30:22.201459
Adaugare materie in catalog,2022-05-31T09:30:22.202456
Adaugare materie in catalog,2022-05-31T09:30:22.202456
Adaugare materie in catalog,2022-05-31T09:30:22.203454400
Initializare catalog,2022-05-31T09:30:22.204482100
Adaugare nota student,2022-05-31T09:30:22.204482100
Adaugare nota student,2022-05-31T09:30:22.205593
Adaugare nota student,2022-05-31T09:30:22.205593
Adaugare nota student,2022-05-31T09:30:22.206614700
Creare catalog,2022-05-31T09:30:34.737306500
Creare catalog,2022-05-31T09:30:34.744475
Creare student,2022-05-31T09:30:35.937261
Creare student,2022-05-31T09:30:35.942248800
Creare student,2022-05-31T09:30:35.946258200
Creare student,2022-05-31T09:30:35.954594
Creare materie,2022-05-31T09:30:35.964694200
Creare materie,2022-05-31T09:30:35.969675200
Creare materie,2022-05-31T09:30:35.974533800
Creare materie,2022-05-31T09:30:35.978523700
Creare profesor,2022-05-31T09:30:35.986636900
Creare profesor,2022-05-31T09:30:35.992621600
Creare profesor,2022-05-31T09:30:35.996347600
Creare profesor,2022-05-31T09:30:35.999339100
Adaugare student in catalog,2022-05-31T09:30:36.003113400
Adaugare student in catalog,2022-05-31T09:30:36.003412700
Adaugare student in catalog,2022-05-31T09:30:36.004410
Adaugare student in catalog,2022-05-31T09:30:36.005407200
Adaugare materie in catalog,2022-05-31T09:30:36.006231800
Adaugare materie in catalog,2022-05-31T09:30:36.006231800
Adaugare materie in catalog,2022-05-31T09:30:36.007228400
Adaugare materie in catalog,2022-05-31T09:30:36.008225600
Initializare catalog,2022-05-31T09:30:36.008225600
Adaugare nota student,2022-05-31T09:30:36.009222300
Adaugare nota student,2022-05-31T09:30:36.009955300
Adaugare nota student,2022-05-31T09:30:36.009955300
Adaugare nota student,2022-05-31T09:30:36.010952600
Creare catalog,2022-05-31T09:31:35.721794600
Creare catalog,2022-05-31T09:31:35.727130800
Creare student,2022-05-31T09:31:36.575894
Creare student,2022-05-31T09:31:36.580945700
Creare student,2022-05-31T09:31:36.584932800
Creare student,2022-05-31T09:31:36.590158200
Creare materie,2022-05-31T09:31:36.595603300
Creare materie,2022-05-31T09:31:36.599122600
Creare materie,2022-05-31T09:31:36.602156200
Creare materie,2022-05-31T09:31:36.606189200
Creare profesor,2022-05-31T09:31:36.613128300
Creare profesor,2022-05-31T09:31:36.617638700
Creare profesor,2022-05-31T09:31:36.620630500
Creare profesor,2022-05-31T09:31:36.626018100
Adaugare student in catalog,2022-05-31T09:31:36.631187600
Adaugare student in catalog,2022-05-31T09:31:36.632184700
Adaugare student in catalog,2022-05-31T09:31:36.632184700
Adaugare student in catalog,2022-05-31T09:31:36.633214900
Adaugare materie in catalog,2022-05-31T09:31:36.633214900
Adaugare materie in catalog,2022-05-31T09:31:36.634376200
Adaugare materie in catalog,2022-05-31T09:31:36.634376200
Adaugare materie in catalog,2022-05-31T09:31:36.635374100
Initializare catalog,2022-05-31T09:31:36.636371500
Adaugare nota student,2022-05-31T09:31:36.636371500
Adaugare nota student,2022-05-31T09:31:36.637414800
Adaugare nota student,2022-05-31T09:31:36.638577300
Adaugare nota student,2022-05-31T09:31:36.639082100
Creare catalog,2022-05-31T09:32:07.689571600
Creare catalog,2022-05-31T09:32:07.695116400
Creare student,2022-05-31T09:32:08.531474600
Creare student,2022-05-31T09:32:08.537588600
Creare student,2022-05-31T09:32:08.540624200
Creare student,2022-05-31T09:32:08.552366800
Creare materie,2022-05-31T09:32:08.570087200
Creare materie,2022-05-31T09:32:08.575128200
Creare materie,2022-05-31T09:32:08.578694100
Creare materie,2022-05-31T09:32:08.584276700
Creare profesor,2022-05-31T09:32:08.590389500
Creare profesor,2022-05-31T09:32:08.594532400
Creare profesor,2022-05-31T09:32:08.597524
Creare profesor,2022-05-31T09:32:08.600643300
Adaugare student in catalog,2022-05-31T09:32:08.603954300
Adaugare student in catalog,2022-05-31T09:32:08.604951300
Adaugare student in catalog,2022-05-31T09:32:08.604951300
Adaugare student in catalog,2022-05-31T09:32:08.605949700
Adaugare materie in catalog,2022-05-31T09:32:08.605949700
Adaugare materie in catalog,2022-05-31T09:32:08.606946200
Adaugare materie in catalog,2022-05-31T09:32:08.607944500
Adaugare materie in catalog,2022-05-31T09:32:08.607944500
Initializare catalog,2022-05-31T09:32:08.607944500
Adaugare nota student,2022-05-31T09:32:08.608941600
Adaugare nota student,2022-05-31T09:32:08.609938600
Adaugare nota student,2022-05-31T09:32:08.609938600
Adaugare nota student,2022-05-31T09:32:08.609938600
Creare catalog,2022-05-31T09:32:56.076550700
Creare catalog,2022-05-31T09:32:56.081567300
Creare student,2022-05-31T09:32:57.010263500
Creare student,2022-05-31T09:32:57.015576900
Creare student,2022-05-31T09:32:57.018569700
Creare student,2022-05-31T09:32:57.022558500
Creare materie,2022-05-31T09:32:57.029603
Creare materie,2022-05-31T09:32:57.032997700
Creare materie,2022-05-31T09:32:57.037109200
Creare materie,2022-05-31T09:32:57.041350
Creare profesor,2022-05-31T09:32:57.046563700
Creare profesor,2022-05-31T09:32:57.051550900
Creare profesor,2022-05-31T09:32:57.054659200
Creare profesor,2022-05-31T09:32:57.057651400
Adaugare student in catalog,2022-05-31T09:32:57.061670600
Adaugare student in catalog,2022-05-31T09:32:57.062668100
Adaugare student in catalog,2022-05-31T09:32:57.062705
Adaugare student in catalog,2022-05-31T09:32:57.063701800
Adaugare materie in catalog,2022-05-31T09:32:57.063701800
Adaugare materie in catalog,2022-05-31T09:32:57.064699100
Adaugare materie in catalog,2022-05-31T09:32:57.065696700
Adaugare materie in catalog,2022-05-31T09:32:57.065696700
Initializare catalog,2022-05-31T09:32:57.066693400
Adaugare nota student,2022-05-31T09:32:57.067313700
Adaugare nota student,2022-05-31T09:32:57.068311900
Adaugare nota student,2022-05-31T09:32:57.068311900
Adaugare nota student,2022-05-31T09:32:57.069325800
Creare catalog,2022-05-31T09:44:54.831655400
Creare catalog,2022-05-31T09:44:54.836642600
Creare student,2022-05-31T09:44:55.734262800
Creare student,2022-05-31T09:44:55.740053
Creare student,2022-05-31T09:44:55.744508600
Creare student,2022-05-31T09:44:55.748461800
Creare materie,2022-05-31T09:44:55.757264500
Creare materie,2022-05-31T09:44:55.763247700
Creare materie,2022-05-31T09:44:55.769637800
Creare materie,2022-05-31T09:44:55.773878400
Creare profesor,2022-05-31T09:44:55.783451400
Creare profesor,2022-05-31T09:44:55.789629500
Creare profesor,2022-05-31T09:44:55.796634700
Creare profesor,2022-05-31T09:44:55.800623700
Adaugare student in catalog,2022-05-31T09:44:55.803753
Adaugare student in catalog,2022-05-31T09:44:55.804750400
Adaugare student in catalog,2022-05-31T09:44:55.805747600
Adaugare student in catalog,2022-05-31T09:44:55.806746
Adaugare materie in catalog,2022-05-31T09:44:55.806746
Adaugare materie in catalog,2022-05-31T09:44:55.807742900
Adaugare materie in catalog,2022-05-31T09:44:55.808336800
Adaugare materie in catalog,2022-05-31T09:44:55.808336800
Initializare catalog,2022-05-31T09:44:55.809333500
Adaugare nota student,2022-05-31T09:44:55.809333500
Adaugare nota student,2022-05-31T09:44:55.810330500
Adaugare nota student,2022-05-31T09:44:55.810330500
Adaugare nota student,2022-05-31T09:44:55.811124
Creare catalog,2022-05-31T09:45:41.142780
Creare catalog,2022-05-31T09:45:41.147814900
Creare student,2022-05-31T09:45:41.988172400
Creare student,2022-05-31T09:45:41.995390
Creare student,2022-05-31T09:45:41.999134
Creare student,2022-05-31T09:45:42.007841700
Creare materie,2022-05-31T09:45:42.014527400
Creare materie,2022-05-31T09:45:42.018542700
Creare materie,2022-05-31T09:45:42.022531100
Creare materie,2022-05-31T09:45:42.025748
Creare profesor,2022-05-31T09:45:42.033286
Creare profesor,2022-05-31T09:45:42.039389200
Creare profesor,2022-05-31T09:45:42.043962300
Creare profesor,2022-05-31T09:45:42.047952
Adaugare student in catalog,2022-05-31T09:45:42.051400800
Adaugare student in catalog,2022-05-31T09:45:42.052394800
Adaugare student in catalog,2022-05-31T09:45:42.052394800
Adaugare student in catalog,2022-05-31T09:45:42.053425800
Adaugare materie in catalog,2022-05-31T09:45:42.054389400
Adaugare materie in catalog,2022-05-31T09:45:42.054389400
Adaugare materie in catalog,2022-05-31T09:45:42.055386600
Adaugare materie in catalog,2022-05-31T09:45:42.055386600
Initializare catalog,2022-05-31T09:45:42.056383900
Adaugare nota student,2022-05-31T09:45:42.057381100
Adaugare nota student,2022-05-31T09:45:42.057381100
Adaugare nota student,2022-05-31T09:45:42.058378800
Adaugare nota student,2022-05-31T09:45:42.059376500
Creare catalog,2022-05-31T09:47:59.522393300
Creare catalog,2022-05-31T09:47:59.526499
Creare student,2022-05-31T09:48:00.407142400
Creare student,2022-05-31T09:48:00.413376200
Creare student,2022-05-31T09:48:00.417567900
Creare student,2022-05-31T09:48:00.421582
Creare materie,2022-05-31T09:48:00.431178900
Creare materie,2022-05-31T09:48:00.435602200
Creare materie,2022-05-31T09:48:00.439591400
Creare materie,2022-05-31T09:48:00.443456500
Creare profesor,2022-05-31T09:48:00.456306800
Creare profesor,2022-05-31T09:48:00.461435600
Creare profesor,2022-05-31T09:48:00.465936400
Creare profesor,2022-05-31T09:48:00.470180100
Adaugare student in catalog,2022-05-31T09:48:00.473403200
Adaugare student in catalog,2022-05-31T09:48:00.474317700
Adaugare student in catalog,2022-05-31T09:48:00.474317700
Adaugare student in catalog,2022-05-31T09:48:00.475528900
Adaugare materie in catalog,2022-05-31T09:48:00.476525200
Adaugare materie in catalog,2022-05-31T09:48:00.476525200
Adaugare materie in catalog,2022-05-31T09:48:00.477625200
Adaugare materie in catalog,2022-05-31T09:48:00.477625200
Initializare catalog,2022-05-31T09:48:00.478621900
Adaugare nota student,2022-05-31T09:48:00.479619
Adaugare nota student,2022-05-31T09:48:00.479619
Adaugare nota student,2022-05-31T09:48:00.480617700
Adaugare nota student,2022-05-31T09:48:00.481613300
Creare catalog,2022-05-31T09:48:27.791818300
Creare catalog,2022-05-31T09:48:27.796017300
Creare student,2022-05-31T09:48:28.643905100
Creare student,2022-05-31T09:48:28.650734400
Creare student,2022-05-31T09:48:28.653482800
Creare student,2022-05-31T09:48:28.659938200
Creare materie,2022-05-31T09:48:28.665748100
Creare materie,2022-05-31T09:48:28.669180200
Creare materie,2022-05-31T09:48:28.671874900
Creare materie,2022-05-31T09:48:28.674867400
Creare profesor,2022-05-31T09:48:28.681676400
Creare profesor,2022-05-31T09:48:28.685665400
Creare profesor,2022-05-31T09:48:28.688667900
Creare profesor,2022-05-31T09:48:28.692692900
Adaugare student in catalog,2022-05-31T09:48:28.696301500
Adaugare student in catalog,2022-05-31T09:48:28.696301500
Adaugare student in catalog,2022-05-31T09:48:28.696301500
Adaugare student in catalog,2022-05-31T09:48:28.698125200
Adaugare materie in catalog,2022-05-31T09:48:28.699122300
Adaugare materie in catalog,2022-05-31T09:48:28.700337900
Adaugare materie in catalog,2022-05-31T09:48:28.700337900
Adaugare materie in catalog,2022-05-31T09:48:28.701335100
Initializare catalog,2022-05-31T09:48:28.702332900
Adaugare nota student,2022-05-31T09:48:28.702332900
Adaugare nota student,2022-05-31T09:48:28.703330700
Adaugare nota student,2022-05-31T09:48:28.704327600
Adaugare nota student,2022-05-31T09:48:28.704327600
Creare catalog,2022-05-31T09:48:56.367968900
Creare catalog,2022-05-31T09:48:56.373779900
Creare student,2022-05-31T09:48:57.237473
Creare student,2022-05-31T09:48:57.242769800
Creare student,2022-05-31T09:48:57.246829
Creare student,2022-05-31T09:48:57.252458900
Creare materie,2022-05-31T09:48:57.260960
Creare materie,2022-05-31T09:48:57.264758100
Creare materie,2022-05-31T09:48:57.269068
Creare materie,2022-05-31T09:48:57.272089
Creare profesor,2022-05-31T09:48:57.278704800
Creare profesor,2022-05-31T09:48:57.283173400
Creare profesor,2022-05-31T09:48:57.286165900
Creare profesor,2022-05-31T09:48:57.290693900
Adaugare student in catalog,2022-05-31T09:48:57.293687400
Adaugare student in catalog,2022-05-31T09:48:57.293687400
Adaugare student in catalog,2022-05-31T09:48:57.294684800
Adaugare student in catalog,2022-05-31T09:48:57.294684800
Adaugare materie in catalog,2022-05-31T09:48:57.295682400
Adaugare materie in catalog,2022-05-31T09:48:57.295682400
Adaugare materie in catalog,2022-05-31T09:48:57.296679600
Adaugare materie in catalog,2022-05-31T09:48:57.296894900
Initializare catalog,2022-05-31T09:48:57.296894900
Adaugare nota student,2022-05-31T09:48:57.297891600
Adaugare nota student,2022-05-31T09:48:57.299249300
Adaugare nota student,2022-05-31T09:48:57.299249300
Adaugare nota student,2022-05-31T09:48:57.300246300
Creare catalog,2022-05-31T09:59:12.598158900
Creare catalog,2022-05-31T09:59:12.605139900
Creare student,2022-05-31T09:59:13.475419600
Creare student,2022-05-31T09:59:13.481405200
Creare student,2022-05-31T09:59:13.485835600
Creare student,2022-05-31T09:59:13.489735400
Creare materie,2022-05-31T09:59:13.495838100
Creare materie,2022-05-31T09:59:13.499433100
Creare materie,2022-05-31T09:59:13.503438700
Creare materie,2022-05-31T09:59:13.506429800
Creare profesor,2022-05-31T09:59:13.512517200
Creare profesor,2022-05-31T09:59:13.516978900
Creare profesor,2022-05-31T09:59:13.520212
Creare profesor,2022-05-31T09:59:13.523523300
Adaugare student in catalog,2022-05-31T09:59:13.527513100
Adaugare student in catalog,2022-05-31T09:59:13.528510600
Adaugare student in catalog,2022-05-31T09:59:13.528751800
Adaugare student in catalog,2022-05-31T09:59:13.529748900
Adaugare materie in catalog,2022-05-31T09:59:13.530745600
Adaugare materie in catalog,2022-05-31T09:59:13.531804700
Adaugare materie in catalog,2022-05-31T09:59:13.531804700
Adaugare materie in catalog,2022-05-31T09:59:13.532804100
Initializare catalog,2022-05-31T09:59:13.533801200
Adaugare nota student,2022-05-31T09:59:13.533801200
Adaugare nota student,2022-05-31T09:59:13.535794500
Adaugare nota student,2022-05-31T09:59:13.536061800
Adaugare nota student,2022-05-31T09:59:13.537059600
Afisare catalog,2022-05-31T09:59:13.538057
Creare catalog,2022-05-31T10:01:18.784721800
Creare catalog,2022-05-31T10:01:18.789782700
Creare student,2022-05-31T10:01:19.650821700
Creare student,2022-05-31T10:01:19.656104800
Creare student,2022-05-31T10:01:19.659929300
Creare student,2022-05-31T10:01:19.663919200
Creare materie,2022-05-31T10:01:19.674423600
Creare materie,2022-05-31T10:01:19.677954300
Creare materie,2022-05-31T10:01:19.681034700
Creare materie,2022-05-31T10:01:19.685034500
Creare profesor,2022-05-31T10:01:19.692015700
Creare profesor,2022-05-31T10:01:19.696077600
Creare profesor,2022-05-31T10:01:19.700325600
Creare profesor,2022-05-31T10:01:19.703485700
Adaugare student in catalog,2022-05-31T10:01:19.706479500
Adaugare student in catalog,2022-05-31T10:01:19.707475200
Adaugare student in catalog,2022-05-31T10:01:19.707475200
Adaugare student in catalog,2022-05-31T10:01:19.708472500
Adaugare materie in catalog,2022-05-31T10:01:19.708472500
Adaugare materie in catalog,2022-05-31T10:01:19.709470300
Adaugare materie in catalog,2022-05-31T10:01:19.709470300
Adaugare materie in catalog,2022-05-31T10:01:19.710467600
Initializare catalog,2022-05-31T10:01:19.711464700
Adaugare nota student,2022-05-31T10:01:19.711464700
Adaugare nota student,2022-05-31T10:01:19.712461900
Adaugare nota student,2022-05-31T10:01:19.713459300
Adaugare nota student,2022-05-31T10:01:19.713459300
Afisare catalog,2022-05-31T10:01:19.714540700
Creare catalog,2022-05-31T10:10:50.214797700
Creare catalog,2022-05-31T10:10:50.219821700
Creare student,2022-05-31T10:10:51.071253300
Creare student,2022-05-31T10:10:51.076936
Creare student,2022-05-31T10:10:51.080937700
Creare student,2022-05-31T10:10:51.084962800
Creare materie,2022-05-31T10:10:51.092900400
Creare materie,2022-05-31T10:10:51.097012
Creare materie,2022-05-31T10:10:51.101001900
Creare materie,2022-05-31T10:10:51.104115900
Creare profesor,2022-05-31T10:10:51.111125400
Creare profesor,2022-05-31T10:10:51.116359300
Creare profesor,2022-05-31T10:10:51.119203500
Creare profesor,2022-05-31T10:10:51.123310400
Adaugare student in catalog,2022-05-31T10:10:51.125903700
Adaugare student in catalog,2022-05-31T10:10:51.126899400
Adaugare student in catalog,2022-05-31T10:10:51.127898200
Adaugare student in catalog,2022-05-31T10:10:51.127898200
Adaugare materie in catalog,2022-05-31T10:10:51.128904300
Adaugare materie in catalog,2022-05-31T10:10:51.128904300
Adaugare materie in catalog,2022-05-31T10:10:51.129902100
Adaugare materie in catalog,2022-05-31T10:10:51.130599700
Initializare catalog,2022-05-31T10:10:51.130599700
Adaugare nota student,2022-05-31T10:10:51.131658100
Adaugare nota student,2022-05-31T10:10:51.132656700
Adaugare nota student,2022-05-31T10:10:51.132988700
Adaugare nota student,2022-05-31T10:10:51.132988700
Afisare catalog,2022-05-31T10:10:51.133986100
Creare student,2022-05-31T10:11:34.791470100
Creare catalog,2022-05-31T10:16:08.974327
Creare catalog,2022-05-31T10:16:08.978634300
Creare student,2022-05-31T10:16:09.842252300
Creare student,2022-05-31T10:16:09.848361700
Creare student,2022-05-31T10:16:09.852242400
Creare student,2022-05-31T10:16:09.856634200
Creare materie,2022-05-31T10:16:09.861642300
Creare materie,2022-05-31T10:16:09.865298400
Creare materie,2022-05-31T10:16:09.868289600
Creare materie,2022-05-31T10:16:09.872278700
Creare profesor,2022-05-31T10:16:09.878835
Creare profesor,2022-05-31T10:16:09.884372400
Creare profesor,2022-05-31T10:16:09.888122200
Creare profesor,2022-05-31T10:16:09.892061700
Adaugare student in catalog,2022-05-31T10:16:09.894780200
Adaugare student in catalog,2022-05-31T10:16:09.895792600
Adaugare student in catalog,2022-05-31T10:16:09.896790400
Adaugare student in catalog,2022-05-31T10:16:09.897170
Adaugare materie in catalog,2022-05-31T10:16:09.898448400
Adaugare materie in catalog,2022-05-31T10:16:09.898749800
Adaugare materie in catalog,2022-05-31T10:16:09.898749800
Adaugare materie in catalog,2022-05-31T10:16:09.899965500
Initializare catalog,2022-05-31T10:16:09.900962100
Adaugare nota student,2022-05-31T10:16:09.900962100
Adaugare nota student,2022-05-31T10:16:09.901959200
Adaugare nota student,2022-05-31T10:16:09.903022400
Adaugare nota student,2022-05-31T10:16:09.903460
Afisare catalog,2022-05-31T10:16:09.904457600
Creare catalog,2022-05-31T10:24:08.583467200
Creare catalog,2022-05-31T10:24:08.587796700
Creare student,2022-05-31T10:24:09.507453500
Creare student,2022-05-31T10:24:09.513304700
Creare student,2022-05-31T10:24:09.517790600
Creare student,2022-05-31T10:24:09.521793400
Creare materie,2022-05-31T10:24:09.527520100
Creare materie,2022-05-31T10:24:09.531083400
Creare materie,2022-05-31T10:24:09.534409400
Creare materie,2022-05-31T10:24:09.537520600
Creare profesor,2022-05-31T10:24:09.543569700
Creare profesor,2022-05-31T10:24:09.548056700
Creare profesor,2022-05-31T10:24:09.552411400
Creare profesor,2022-05-31T10:24:09.555740700
Adaugare student in catalog,2022-05-31T10:24:09.560822900
Adaugare student in catalog,2022-05-31T10:24:09.561496
Adaugare student in catalog,2022-05-31T10:24:09.562492300
Adaugare student in catalog,2022-05-31T10:24:09.562492300
Adaugare materie in catalog,2022-05-31T10:24:09.563489700
Adaugare materie in catalog,2022-05-31T10:24:09.563489700
Adaugare materie in catalog,2022-05-31T10:24:09.564487700
Adaugare materie in catalog,2022-05-31T10:24:09.564487700
Initializare catalog,2022-05-31T10:24:09.565484200
Adaugare nota student,2022-05-31T10:24:09.566481800
Adaugare nota student,2022-05-31T10:24:09.567481100
Adaugare nota student,2022-05-31T10:24:09.567481100
Adaugare nota student,2022-05-31T10:24:09.568477800
Afisare catalog,2022-05-31T10:24:09.569473600
Creare catalog,2022-05-31T10:30:58.574367900
Creare catalog,2022-05-31T10:30:58.580354100
Creare student,2022-05-31T10:30:59.515412600
Creare student,2022-05-31T10:30:59.524808600
Creare student,2022-05-31T10:30:59.530321500
Creare student,2022-05-31T10:30:59.538371100
Creare materie,2022-05-31T10:30:59.549683
Creare materie,2022-05-31T10:30:59.555616700
Creare materie,2022-05-31T10:30:59.560136100
Creare materie,2022-05-31T10:30:59.564466800
Creare profesor,2022-05-31T10:30:59.574214800
Creare profesor,2022-05-31T10:30:59.578205200
Creare profesor,2022-05-31T10:30:59.581197400
Creare profesor,2022-05-31T10:30:59.584235200
Adaugare student in catalog,2022-05-31T10:30:59.586769700
Adaugare student in catalog,2022-05-31T10:30:59.587767700
Adaugare student in catalog,2022-05-31T10:30:59.587937
Adaugare student in catalog,2022-05-31T10:30:59.587937
Adaugare materie in catalog,2022-05-31T10:30:59.588935200
Adaugare materie in catalog,2022-05-31T10:30:59.588935200
Adaugare materie in catalog,2022-05-31T10:30:59.589931500
Adaugare materie in catalog,2022-05-31T10:30:59.589931500
Initializare catalog,2022-05-31T10:30:59.590930400
Adaugare nota student,2022-05-31T10:30:59.590930400
Adaugare nota student,2022-05-31T10:30:59.591830700
Adaugare nota student,2022-05-31T10:30:59.591830700
Adaugare nota student,2022-05-31T10:30:59.592829100
Afisare catalog,2022-05-31T10:30:59.593824900
Creare catalog,2022-05-31T10:36:53.449637700
Creare catalog,2022-05-31T10:36:53.456619
Creare student,2022-05-31T10:36:54.361705400
Creare student,2022-05-31T10:36:54.371064300
Creare student,2022-05-31T10:36:54.381908600
Creare student,2022-05-31T10:36:54.394873900
Creare materie,2022-05-31T10:36:54.402851900
Creare materie,2022-05-31T10:36:54.406841400
Creare materie,2022-05-31T10:36:54.409833600
Creare materie,2022-05-31T10:36:54.412825400
Creare profesor,2022-05-31T10:36:54.419807900
Creare profesor,2022-05-31T10:36:54.423795800
Creare profesor,2022-05-31T10:36:54.427786500
Creare profesor,2022-05-31T10:36:54.430778600
Adaugare student in catalog,2022-05-31T10:36:54.433770800
Adaugare student in catalog,2022-05-31T10:36:54.433770800
Adaugare student in catalog,2022-05-31T10:36:54.434767200
Adaugare student in catalog,2022-05-31T10:36:54.434767200
Adaugare materie in catalog,2022-05-31T10:36:54.435764500
Adaugare materie in catalog,2022-05-31T10:36:54.435764500
Adaugare materie in catalog,2022-05-31T10:36:54.436762800
Adaugare materie in catalog,2022-05-31T10:36:54.436762800
Initializare catalog,2022-05-31T10:36:54.437760300
Adaugare nota student,2022-05-31T10:36:54.437760300
Adaugare nota student,2022-05-31T10:36:54.438757
Adaugare nota student,2022-05-31T10:36:54.439377500
Adaugare nota student,2022-05-31T10:36:54.439753800
Afisare catalog,2022-05-31T10:36:54.440751
Creare profesor,2022-05-31T10:37:53.658978500
Creare catalog,2022-05-31T10:39:06.655902400
Creare catalog,2022-05-31T10:39:06.660890
Creare student,2022-05-31T10:39:07.459568100
Creare student,2022-05-31T10:39:07.463928100
Creare student,2022-05-31T10:39:07.466941900
Creare student,2022-05-31T10:39:07.470246500
Creare materie,2022-05-31T10:39:07.476565
Creare materie,2022-05-31T10:39:07.481011500
Creare materie,2022-05-31T10:39:07.484061700
Creare materie,2022-05-31T10:39:07.486214900
Creare profesor,2022-05-31T10:39:07.492197300
Creare profesor,2022-05-31T10:39:07.495810900
Creare profesor,2022-05-31T10:39:07.498034800
Creare profesor,2022-05-31T10:39:07.501027100
Adaugare student in catalog,2022-05-31T10:39:07.504021
Adaugare student in catalog,2022-05-31T10:39:07.505545
Adaugare student in catalog,2022-05-31T10:39:07.505545
Adaugare student in catalog,2022-05-31T10:39:07.506540900
Adaugare materie in catalog,2022-05-31T10:39:07.506540900
Adaugare materie in catalog,2022-05-31T10:39:07.507538200
Adaugare materie in catalog,2022-05-31T10:39:07.507538200
Adaugare materie in catalog,2022-05-31T10:39:07.508535600
Initializare catalog,2022-05-31T10:39:07.508535600
Adaugare nota student,2022-05-31T10:39:07.509533900
Adaugare nota student,2022-05-31T10:39:07.510531600
Adaugare nota student,2022-05-31T10:39:07.511527200
Adaugare nota student,2022-05-31T10:39:07.511527200
Afisare catalog,2022-05-31T10:39:07.511527200
Creare catalog,2022-05-31T11:19:30.124192500
Creare catalog,2022-05-31T11:19:30.126185700
Creare student,2022-05-31T11:19:30.616163
Creare student,2022-05-31T11:19:30.620152700
Creare student,2022-05-31T11:19:30.622240300
Creare student,2022-05-31T11:19:30.625140
Creare materie,2022-05-31T11:19:30.631124
Creare materie,2022-05-31T11:19:30.633118100
Creare materie,2022-05-31T11:19:30.635113100
Creare materie,2022-05-31T11:19:30.637107400
Creare profesor,2022-05-31T11:19:30.641173300
Creare profesor,2022-05-31T11:19:30.644089600
Creare profesor,2022-05-31T11:19:30.647080700
Creare profesor,2022-05-31T11:19:30.650073500
Adaugare student in catalog,2022-05-31T11:19:30.652067600
Adaugare student in catalog,2022-05-31T11:19:30.653066300
Adaugare student in catalog,2022-05-31T11:19:30.653066300
Adaugare student in catalog,2022-05-31T11:19:30.653066300
Adaugare materie in catalog,2022-05-31T11:19:30.654062500
Adaugare materie in catalog,2022-05-31T11:19:30.654062500
Adaugare materie in catalog,2022-05-31T11:19:30.654062500
Adaugare materie in catalog,2022-05-31T11:19:30.654062500
Initializare catalog,2022-05-31T11:19:30.655060
Adaugare nota student,2022-05-31T11:19:30.655060
Adaugare nota student,2022-05-31T11:19:30.655060
Adaugare nota student,2022-05-31T11:19:30.655060
Adaugare nota student,2022-05-31T11:19:30.656057800
Afisare catalog,2022-05-31T11:19:30.656057800
Creare catalog,2022-05-31T11:20:47.065617800
Creare catalog,2022-05-31T11:20:47.070605300
Creare student,2022-05-31T11:20:47.591327200
Creare student,2022-05-31T11:20:47.594318600
Creare student,2022-05-31T11:20:47.597310700
Creare student,2022-05-31T11:20:47.600341100
Creare materie,2022-05-31T11:20:47.606287300
Creare materie,2022-05-31T11:20:47.609278900
Creare materie,2022-05-31T11:20:47.611273600
Creare materie,2022-05-31T11:20:47.613269100
Creare profesor,2022-05-31T11:20:47.618255
Creare profesor,2022-05-31T11:20:47.621246500
Creare profesor,2022-05-31T11:20:47.623241100
Creare profesor,2022-05-31T11:20:47.625235800
Adaugare student in catalog,2022-05-31T11:20:47.627231100
Adaugare student in catalog,2022-05-31T11:20:47.628228700
Adaugare student in catalog,2022-05-31T11:20:47.628228700
Adaugare student in catalog,2022-05-31T11:20:47.628228700
Adaugare materie in catalog,2022-05-31T11:20:47.629225200
Adaugare materie in catalog,2022-05-31T11:20:47.629420600
Adaugare materie in catalog,2022-05-31T11:20:47.629816400
Adaugare materie in catalog,2022-05-31T11:20:47.629816400
Initializare catalog,2022-05-31T11:20:47.630223100
Adaugare nota student,2022-05-31T11:20:47.630223100
Adaugare nota student,2022-05-31T11:20:47.631220500
Adaugare nota student,2022-05-31T11:20:47.631220500
Adaugare nota student,2022-05-31T11:20:47.631220500
Afisare catalog,2022-05-31T11:20:47.632217600
Creare catalog,2022-05-31T11:20:55.106468700
Creare catalog,2022-05-31T11:20:55.109028800
Creare student,2022-05-31T11:20:55.593332800
Creare student,2022-05-31T11:20:55.597323100
Creare student,2022-05-31T11:20:55.599317300
Creare student,2022-05-31T11:20:55.602309600
Creare materie,2022-05-31T11:20:55.607296300
Creare materie,2022-05-31T11:20:55.609290700
Creare materie,2022-05-31T11:20:55.612283500
Creare materie,2022-05-31T11:20:55.615275
Creare profesor,2022-05-31T11:20:55.619318700
Creare profesor,2022-05-31T11:20:55.623253500
Creare profesor,2022-05-31T11:20:55.625247800
Creare profesor,2022-05-31T11:20:55.627263100
Adaugare student in catalog,2022-05-31T11:20:55.630234700
Adaugare student in catalog,2022-05-31T11:20:55.630234700
Adaugare student in catalog,2022-05-31T11:20:55.631232700
Adaugare student in catalog,2022-05-31T11:20:55.631232700
Adaugare materie in catalog,2022-05-31T11:20:55.631232700
Adaugare materie in catalog,2022-05-31T11:20:55.632229900
Adaugare materie in catalog,2022-05-31T11:20:55.632229900
Adaugare materie in catalog,2022-05-31T11:20:55.632229900
Initializare catalog,2022-05-31T11:20:55.632229900
Adaugare nota student,2022-05-31T11:20:55.633236400
Adaugare nota student,2022-05-31T11:20:55.633236400
Adaugare nota student,2022-05-31T11:20:55.633236400
Adaugare nota student,2022-05-31T11:20:55.634224400
Afisare catalog,2022-05-31T11:20:55.634224400
Creare catalog,2022-05-31T11:21:26.021331500
Creare catalog,2022-05-31T11:21:26.024322900
Creare student,2022-05-31T11:21:26.602946100
Creare student,2022-05-31T11:21:26.606933500
Creare student,2022-05-31T11:21:26.611920300
Creare student,2022-05-31T11:21:26.615937100
Creare materie,2022-05-31T11:21:26.619898500
Creare materie,2022-05-31T11:21:26.621930700
Creare materie,2022-05-31T11:21:26.624884800
Creare materie,2022-05-31T11:21:26.626879400
Creare profesor,2022-05-31T11:21:26.631866300
Creare profesor,2022-05-31T11:21:26.635856200
Creare profesor,2022-05-31T11:21:26.638847400
Creare profesor,2022-05-31T11:21:26.641883800
Adaugare student in catalog,2022-05-31T11:21:26.643834300
Adaugare student in catalog,2022-05-31T11:21:26.644832
Adaugare student in catalog,2022-05-31T11:21:26.644832
Adaugare student in catalog,2022-05-31T11:21:26.644832
Adaugare materie in catalog,2022-05-31T11:21:26.645974700
Adaugare materie in catalog,2022-05-31T11:21:26.645974700
Adaugare materie in catalog,2022-05-31T11:21:26.646872
Adaugare materie in catalog,2022-05-31T11:21:26.647199600
Initializare catalog,2022-05-31T11:21:26.647823300
Adaugare nota student,2022-05-31T11:21:26.647823300
Adaugare nota student,2022-05-31T11:21:26.647823300
Adaugare nota student,2022-05-31T11:21:26.648832100
Adaugare nota student,2022-05-31T11:21:26.648832100
Afisare catalog,2022-05-31T11:21:26.648832100
Creare catalog,2022-05-31T11:24:18.759789
Creare catalog,2022-05-31T11:24:18.763963700
Creare student,2022-05-31T11:24:19.286908600
Creare student,2022-05-31T11:24:19.290897600
Creare student,2022-05-31T11:24:19.293889900
Creare student,2022-05-31T11:24:19.296882
Creare materie,2022-05-31T11:24:19.301406200
Creare materie,2022-05-31T11:24:19.303401700
Creare materie,2022-05-31T11:24:19.305414500
Creare materie,2022-05-31T11:24:19.308388
Creare profesor,2022-05-31T11:24:19.313374200
Creare profesor,2022-05-31T11:24:19.317363800
Creare profesor,2022-05-31T11:24:19.319357900
Creare profesor,2022-05-31T11:24:19.322350500
Adaugare student in catalog,2022-05-31T11:24:19.325341900
Adaugare student in catalog,2022-05-31T11:24:19.325341900
Adaugare student in catalog,2022-05-31T11:24:19.325341900
Adaugare student in catalog,2022-05-31T11:24:19.326339600
Adaugare materie in catalog,2022-05-31T11:24:19.326339600
Adaugare materie in catalog,2022-05-31T11:24:19.326339600
Adaugare materie in catalog,2022-05-31T11:24:19.327337
Adaugare materie in catalog,2022-05-31T11:24:19.327337
Initializare catalog,2022-05-31T11:24:19.327893400
Adaugare nota student,2022-05-31T11:24:19.328334200
Adaugare nota student,2022-05-31T11:24:19.328501
Adaugare nota student,2022-05-31T11:24:19.328501
Adaugare nota student,2022-05-31T11:24:19.329331800
Afisare catalog,2022-05-31T11:24:19.329331800
Creare catalog,2022-05-31T11:26:17.194075
Creare catalog,2022-05-31T11:26:17.197062400
Creare student,2022-05-31T11:26:17.734455900
Creare student,2022-05-31T11:26:17.738444300
Creare student,2022-05-31T11:26:17.741617
Creare student,2022-05-31T11:26:17.745937700
Creare materie,2022-05-31T11:26:17.751122900
Creare materie,2022-05-31T11:26:17.753917100
Creare materie,2022-05-31T11:26:17.755910700
Creare materie,2022-05-31T11:26:17.759096500
Creare profesor,2022-05-31T11:26:17.763889600
Creare profesor,2022-05-31T11:26:17.767878500
Creare profesor,2022-05-31T11:26:17.769873900
Creare profesor,2022-05-31T11:26:17.771868600
Adaugare student in catalog,2022-05-31T11:26:17.774860400
Adaugare student in catalog,2022-05-31T11:26:17.775475400
Adaugare student in catalog,2022-05-31T11:26:17.775857800
Adaugare student in catalog,2022-05-31T11:26:17.775857800
Adaugare materie in catalog,2022-05-31T11:26:17.775857800
Adaugare materie in catalog,2022-05-31T11:26:17.776855100
Adaugare materie in catalog,2022-05-31T11:26:17.776855100
Adaugare materie in catalog,2022-05-31T11:26:17.776855100
Initializare catalog,2022-05-31T11:26:17.777852600
Adaugare nota student,2022-05-31T11:26:17.777852600
Adaugare nota student,2022-05-31T11:26:17.778850300
Adaugare nota student,2022-05-31T11:26:17.778850300
Adaugare nota student,2022-05-31T11:26:17.778850300
Afisare catalog,2022-05-31T11:26:17.778850300
Creare catalog,2022-05-31T11:27:03.609420300
Creare catalog,2022-05-31T11:27:03.613392400
Creare student,2022-05-31T11:27:04.128455
Creare student,2022-05-31T11:27:04.131444700
Creare student,2022-05-31T11:27:04.136432100
Creare student,2022-05-31T11:27:04.138426400
Creare materie,2022-05-31T11:27:04.142416
Creare materie,2022-05-31T11:27:04.145407800
Creare materie,2022-05-31T11:27:04.148402100
Creare materie,2022-05-31T11:27:04.150394100
Creare profesor,2022-05-31T11:27:04.154383500
Creare profesor,2022-05-31T11:27:04.158372900
Creare profesor,2022-05-31T11:27:04.160367400
Creare profesor,2022-05-31T11:27:04.163359700
Adaugare student in catalog,2022-05-31T11:27:04.165354400
Adaugare student in catalog,2022-05-31T11:27:04.165354400
Adaugare student in catalog,2022-05-31T11:27:04.166352100
Adaugare student in catalog,2022-05-31T11:27:04.166352100
Adaugare materie in catalog,2022-05-31T11:27:04.166352100
Adaugare materie in catalog,2022-05-31T11:27:04.166352100
Adaugare materie in catalog,2022-05-31T11:27:04.167348900
Adaugare materie in catalog,2022-05-31T11:27:04.167348900
Initializare catalog,2022-05-31T11:27:04.168346200
Adaugare nota student,2022-05-31T11:27:04.168592
Adaugare nota student,2022-05-31T11:27:04.168592
Adaugare nota student,2022-05-31T11:27:04.169383200
Adaugare nota student,2022-05-31T11:27:04.169383200
Afisare catalog,2022-05-31T11:27:04.169383200
Creare catalog,2022-05-31T11:29:27.045465600
Creare catalog,2022-05-31T11:29:27.048456600
Creare student,2022-05-31T11:29:27.582071
Creare student,2022-05-31T11:29:27.585063300
Creare student,2022-05-31T11:29:27.588055400
Creare student,2022-05-31T11:29:27.591087900
Creare materie,2022-05-31T11:29:27.596033900
Creare materie,2022-05-31T11:29:27.599263500
Creare materie,2022-05-31T11:29:27.601020900
Creare materie,2022-05-31T11:29:27.604012900
Creare profesor,2022-05-31T11:29:27.609996900
Creare profesor,2022-05-31T11:29:27.612989400
Creare profesor,2022-05-31T11:29:27.614983800
Creare profesor,2022-05-31T11:29:27.616978800
Adaugare student in catalog,2022-05-31T11:29:27.618973400
Adaugare student in catalog,2022-05-31T11:29:27.619970100
Adaugare student in catalog,2022-05-31T11:29:27.619970100
Adaugare student in catalog,2022-05-31T11:29:27.619970100
Adaugare materie in catalog,2022-05-31T11:29:27.619970100
Adaugare materie in catalog,2022-05-31T11:29:27.620967600
Adaugare materie in catalog,2022-05-31T11:29:27.620967600
Adaugare materie in catalog,2022-05-31T11:29:27.620967600
Initializare catalog,2022-05-31T11:29:27.621548200
Adaugare nota student,2022-05-31T11:29:27.621548200
Adaugare nota student,2022-05-31T11:29:27.621964600
Adaugare nota student,2022-05-31T11:29:27.621964600
Adaugare nota student,2022-05-31T11:29:27.621964600
Afisare catalog,2022-05-31T11:29:27.621964600
Creare catalog,2022-05-31T11:31:39.197554100
Creare catalog,2022-05-31T11:31:39.201543600
Creare student,2022-05-31T11:31:39.737095800
Creare student,2022-05-31T11:31:39.741083800
Creare student,2022-05-31T11:31:39.743078600
Creare student,2022-05-31T11:31:39.746070600
Creare materie,2022-05-31T11:31:39.750059500
Creare materie,2022-05-31T11:31:39.753059500
Creare materie,2022-05-31T11:31:39.755067800
Creare materie,2022-05-31T11:31:39.757058800
Creare profesor,2022-05-31T11:31:39.762028400
Creare profesor,2022-05-31T11:31:39.766017600
Creare profesor,2022-05-31T11:31:39.768011200
Creare profesor,2022-05-31T11:31:39.770006800
Adaugare student in catalog,2022-05-31T11:31:39.772001400
Adaugare student in catalog,2022-05-31T11:31:39.772999
Adaugare student in catalog,2022-05-31T11:31:39.772999
Adaugare student in catalog,2022-05-31T11:31:39.772999
Adaugare materie in catalog,2022-05-31T11:31:39.772999
Adaugare materie in catalog,2022-05-31T11:31:39.772999
Adaugare materie in catalog,2022-05-31T11:31:39.774061
Adaugare materie in catalog,2022-05-31T11:31:39.774061
Initializare catalog,2022-05-31T11:31:39.774061
Adaugare nota student,2022-05-31T11:31:39.774061
Adaugare nota student,2022-05-31T11:31:39.774993400
Adaugare nota student,2022-05-31T11:31:39.774993400
Adaugare nota student,2022-05-31T11:31:39.774993400
Afisare catalog,2022-05-31T11:31:39.774993400
Afisare note student,2022-05-31T11:31:47.231165900
Creare catalog,2022-05-31T11:32:31.458121800
Creare catalog,2022-05-31T11:32:31.461114800
Creare student,2022-05-31T11:32:32.010847200
Creare student,2022-05-31T11:32:32.014835500
Creare student,2022-05-31T11:32:32.017828100
Creare student,2022-05-31T11:32:32.020820400
Creare materie,2022-05-31T11:32:32.025808100
Creare materie,2022-05-31T11:32:32.027801500
Creare materie,2022-05-31T11:32:32.030803200
Creare materie,2022-05-31T11:32:32.032787400
Creare profesor,2022-05-31T11:32:32.039769400
Creare profesor,2022-05-31T11:32:32.043759
Creare profesor,2022-05-31T11:32:32.045753100
Creare profesor,2022-05-31T11:32:32.048804500
Adaugare student in catalog,2022-05-31T11:32:32.051737
Adaugare student in catalog,2022-05-31T11:32:32.052736
Adaugare student in catalog,2022-05-31T11:32:32.052736
Adaugare student in catalog,2022-05-31T11:32:32.053439800
Adaugare materie in catalog,2022-05-31T11:32:32.053731700
Adaugare materie in catalog,2022-05-31T11:32:32.053731700
Adaugare materie in catalog,2022-05-31T11:32:32.053731700
Adaugare materie in catalog,2022-05-31T11:32:32.053731700
Initializare catalog,2022-05-31T11:32:32.054730100
Adaugare nota student,2022-05-31T11:32:32.054730100
Adaugare nota student,2022-05-31T11:32:32.055743100
Adaugare nota student,2022-05-31T11:32:32.055743100
Adaugare nota student,2022-05-31T11:32:32.055743100
Afisare catalog,2022-05-31T11:32:32.056725200
Afisare note student,2022-05-31T11:32:37.216948400
Creare catalog,2022-05-31T11:34:58.967926500
Creare catalog,2022-05-31T11:34:58.970916100
Creare student,2022-05-31T11:34:59.512596400
Creare student,2022-05-31T11:34:59.515587
Creare student,2022-05-31T11:34:59.518580400
Creare student,2022-05-31T11:34:59.520573300
Creare materie,2022-05-31T11:34:59.524563100
Creare materie,2022-05-31T11:34:59.527554800
Creare materie,2022-05-31T11:34:59.529549200
Creare materie,2022-05-31T11:34:59.532541600
Creare profesor,2022-05-31T11:34:59.536530500
Creare profesor,2022-05-31T11:34:59.539523500
Creare profesor,2022-05-31T11:34:59.542515400
Creare profesor,2022-05-31T11:34:59.544510300
Adaugare student in catalog,2022-05-31T11:34:59.547502100
Adaugare student in catalog,2022-05-31T11:34:59.547502100
Adaugare student in catalog,2022-05-31T11:34:59.548510
Adaugare student in catalog,2022-05-31T11:34:59.548510
Adaugare materie in catalog,2022-05-31T11:34:59.548510
Adaugare materie in catalog,2022-05-31T11:34:59.549631500
Adaugare materie in catalog,2022-05-31T11:34:59.549631500
Adaugare materie in catalog,2022-05-31T11:34:59.550493500
Initializare catalog,2022-05-31T11:34:59.550704300
Adaugare nota student,2022-05-31T11:34:59.550704300
Adaugare nota student,2022-05-31T11:34:59.551491700
Adaugare nota student,2022-05-31T11:34:59.551491700
Adaugare nota student,2022-05-31T11:34:59.552488900
Afisare catalog,2022-05-31T11:34:59.552488900
Afisare note student,2022-05-31T11:35:05.698577600
Creare catalog,2022-05-31T11:38:51.847204500
Creare catalog,2022-05-31T11:38:51.849232
Creare student,2022-05-31T11:38:52.408788500
Creare student,2022-05-31T11:38:52.412778300
Creare student,2022-05-31T11:38:52.415770
Creare student,2022-05-31T11:38:52.419759800
Creare materie,2022-05-31T11:38:52.425751700
Creare materie,2022-05-31T11:38:52.428735700
Creare materie,2022-05-31T11:38:52.431727200
Creare materie,2022-05-31T11:38:52.434719600
Creare profesor,2022-05-31T11:38:52.438708400
Creare profesor,2022-05-31T11:38:52.442698700
Creare profesor,2022-05-31T11:38:52.445690200
Creare profesor,2022-05-31T11:38:52.447684800
Adaugare student in catalog,2022-05-31T11:38:52.450677200
Adaugare student in catalog,2022-05-31T11:38:52.450677200
Adaugare student in catalog,2022-05-31T11:38:52.450677200
Adaugare student in catalog,2022-05-31T11:38:52.451673800
Adaugare materie in catalog,2022-05-31T11:38:52.451673800
Adaugare materie in catalog,2022-05-31T11:38:52.451673800
Adaugare materie in catalog,2022-05-31T11:38:52.452824100
Adaugare materie in catalog,2022-05-31T11:38:52.452824100
Initializare catalog,2022-05-31T11:38:52.452824100
Adaugare nota student,2022-05-31T11:38:52.453669400
Adaugare nota student,2022-05-31T11:38:52.453669400
Adaugare nota student,2022-05-31T11:38:52.454665700
Adaugare nota student,2022-05-31T11:38:52.454665700
Afisare catalog,2022-05-31T11:38:52.454665700
Afisare note student,2022-05-31T11:38:59.825045
Creare catalog,2022-05-31T11:40:06.825636100
Creare catalog,2022-05-31T11:40:06.829578600
Creare student,2022-05-31T11:40:07.331643500
Creare student,2022-05-31T11:40:07.334635300
Creare student,2022-05-31T11:40:07.336629500
Creare student,2022-05-31T11:40:07.339622700
Creare materie,2022-05-31T11:40:07.344609400
Creare materie,2022-05-31T11:40:07.347668600
Creare materie,2022-05-31T11:40:07.349595500
Creare materie,2022-05-31T11:40:07.352587600
Creare profesor,2022-05-31T11:40:07.356576500
Creare profesor,2022-05-31T11:40:07.359568800
Creare profesor,2022-05-31T11:40:07.362560300
Creare profesor,2022-05-31T11:40:07.364554800
Adaugare student in catalog,2022-05-31T11:40:07.366550200
Adaugare student in catalog,2022-05-31T11:40:07.367547700
Adaugare student in catalog,2022-05-31T11:40:07.367547700
Adaugare student in catalog,2022-05-31T11:40:07.367547700
Adaugare materie in catalog,2022-05-31T11:40:07.368544500
Adaugare materie in catalog,2022-05-31T11:40:07.368544500
Adaugare materie in catalog,2022-05-31T11:40:07.368544500
Adaugare materie in catalog,2022-05-31T11:40:07.368544500
Initializare catalog,2022-05-31T11:40:07.369542100
Adaugare nota student,2022-05-31T11:40:07.369542100
Adaugare nota student,2022-05-31T11:40:07.369542100
Adaugare nota student,2022-05-31T11:40:07.369542100
Adaugare nota student,2022-05-31T11:40:07.369542100
Afisare catalog,2022-05-31T11:40:07.370539100
Afisare note student,2022-05-31T11:40:17.616520500
Creare catalog,2022-05-31T11:40:42.244632
Creare catalog,2022-05-31T11:40:42.247642500
Creare student,2022-05-31T11:40:42.773628400
Creare student,2022-05-31T11:40:42.777617400
Creare student,2022-05-31T11:40:42.780609800
Creare student,2022-05-31T11:40:42.783601400
Creare materie,2022-05-31T11:40:42.787590700
Creare materie,2022-05-31T11:40:42.790584100
Creare materie,2022-05-31T11:40:42.792577500
Creare materie,2022-05-31T11:40:42.795601300
Creare profesor,2022-05-31T11:40:42.800556700
Creare profesor,2022-05-31T11:40:42.803565800
Creare profesor,2022-05-31T11:40:42.806540
Creare profesor,2022-05-31T11:40:42.809532300
Adaugare student in catalog,2022-05-31T11:40:42.811526300
Adaugare student in catalog,2022-05-31T11:40:42.812524100
Adaugare student in catalog,2022-05-31T11:40:42.812524100
Adaugare student in catalog,2022-05-31T11:40:42.812524100
Adaugare materie in catalog,2022-05-31T11:40:42.813521800
Adaugare materie in catalog,2022-05-31T11:40:42.813521800
Adaugare materie in catalog,2022-05-31T11:40:42.813521800
Adaugare materie in catalog,2022-05-31T11:40:42.814519500
Initializare catalog,2022-05-31T11:40:42.814519500
Adaugare nota student,2022-05-31T11:40:42.814519500
Adaugare nota student,2022-05-31T11:40:42.815516400
Adaugare nota student,2022-05-31T11:40:42.815516400
Adaugare nota student,2022-05-31T11:40:42.815516400
Afisare catalog,2022-05-31T11:40:42.816513600
Afisare note student,2022-05-31T11:40:49.040442500
Creare catalog,2022-05-31T11:45:01.916985
Creare catalog,2022-05-31T11:45:01.919925500
Creare student,2022-05-31T11:45:02.412932600
Creare student,2022-05-31T11:45:02.416870900
Creare student,2022-05-31T11:45:02.418866600
Creare student,2022-05-31T11:45:02.421857800
Creare materie,2022-05-31T11:45:02.425865300
Creare materie,2022-05-31T11:45:02.428839600
Creare materie,2022-05-31T11:45:02.431831300
Creare materie,2022-05-31T11:45:02.433825900
Creare profesor,2022-05-31T11:45:02.438812500
Creare profesor,2022-05-31T11:45:02.442803
Creare profesor,2022-05-31T11:45:02.444797
Creare profesor,2022-05-31T11:45:02.446806100
Adaugare student in catalog,2022-05-31T11:45:02.449783300
Adaugare student in catalog,2022-05-31T11:45:02.449783300
Adaugare student in catalog,2022-05-31T11:45:02.450802
Adaugare student in catalog,2022-05-31T11:45:02.450802
Adaugare materie in catalog,2022-05-31T11:45:02.450802
Adaugare materie in catalog,2022-05-31T11:45:02.451873100
Adaugare materie in catalog,2022-05-31T11:45:02.451873100
Adaugare materie in catalog,2022-05-31T11:45:02.451873100
Initializare catalog,2022-05-31T11:45:02.452869700
Adaugare nota student,2022-05-31T11:45:02.452869700
Adaugare nota student,2022-05-31T11:45:02.453772700
Adaugare nota student,2022-05-31T11:45:02.453772700
Adaugare nota student,2022-05-31T11:45:02.453772700
Afisare catalog,2022-05-31T11:45:02.453772700
Afisare note student,2022-05-31T11:45:08.571715200
Creare catalog,2022-05-31T11:49:08.670555700
Creare catalog,2022-05-31T11:49:08.672550500
Creare student,2022-05-31T11:49:09.183411300
Creare student,2022-05-31T11:49:09.187400300
Creare student,2022-05-31T11:49:09.189395300
Creare student,2022-05-31T11:49:09.192387200
Creare materie,2022-05-31T11:49:09.196377
Creare materie,2022-05-31T11:49:09.199368300
Creare materie,2022-05-31T11:49:09.201363900
Creare materie,2022-05-31T11:49:09.204355
Creare profesor,2022-05-31T11:49:09.208345
Creare profesor,2022-05-31T11:49:09.211336500
Creare profesor,2022-05-31T11:49:09.213331200
Creare profesor,2022-05-31T11:49:09.215325600
Adaugare student in catalog,2022-05-31T11:49:09.217321100
Adaugare student in catalog,2022-05-31T11:49:09.218317900
Adaugare student in catalog,2022-05-31T11:49:09.218317900
Adaugare student in catalog,2022-05-31T11:49:09.218317900
Adaugare materie in catalog,2022-05-31T11:49:09.218317900
Adaugare materie in catalog,2022-05-31T11:49:09.219315100
Adaugare materie in catalog,2022-05-31T11:49:09.219315100
Adaugare materie in catalog,2022-05-31T11:49:09.219315100
Initializare catalog,2022-05-31T11:49:09.229306500
Adaugare nota student,2022-05-31T11:49:09.229306500
Adaugare nota student,2022-05-31T11:49:09.230286900
Adaugare nota student,2022-05-31T11:49:09.230286900
Adaugare nota student,2022-05-31T11:49:09.230286900
Afisare catalog,2022-05-31T11:49:09.231283
Afisare note student,2022-05-31T11:49:13.998556
Creare catalog,2022-05-31T11:54:23.366380500
Creare catalog,2022-05-31T11:54:23.369372500
Creare student,2022-05-31T11:54:23.866193500
Creare student,2022-05-31T11:54:23.869723
Creare student,2022-05-31T11:54:23.871717700
Creare student,2022-05-31T11:54:23.874711
Creare materie,2022-05-31T11:54:23.878698900
Creare materie,2022-05-31T11:54:23.882688600
Creare materie,2022-05-31T11:54:23.884682900
Creare materie,2022-05-31T11:54:23.887675400
Creare profesor,2022-05-31T11:54:23.892210
Creare profesor,2022-05-31T11:54:23.895202200
Creare profesor,2022-05-31T11:54:23.898194100
Creare profesor,2022-05-31T11:54:23.900188300
Adaugare student in catalog,2022-05-31T11:54:23.903180300
Adaugare student in catalog,2022-05-31T11:54:23.903596400
Adaugare student in catalog,2022-05-31T11:54:23.904177100
Adaugare student in catalog,2022-05-31T11:54:23.904177100
Adaugare materie in catalog,2022-05-31T11:54:23.904177100
Adaugare materie in catalog,2022-05-31T11:54:23.904177100
Adaugare materie in catalog,2022-05-31T11:54:23.905174600
Adaugare materie in catalog,2022-05-31T11:54:23.905174600
Initializare catalog,2022-05-31T11:54:23.916146500
Adaugare nota student,2022-05-31T11:54:23.916628200
Adaugare nota student,2022-05-31T11:54:23.917143400
Adaugare nota student,2022-05-31T11:54:23.917143400
Adaugare nota student,2022-05-31T11:54:23.917143400
Afisare catalog,2022-05-31T11:54:23.917143400
Afisare note student,2022-05-31T11:54:32.723237300
Creare catalog,2022-05-31T11:56:14.627782700
Creare catalog,2022-05-31T11:56:14.630774600
Creare student,2022-05-31T11:56:15.115648700
Creare student,2022-05-31T11:56:15.119638900
Creare student,2022-05-31T11:56:15.121632600
Creare student,2022-05-31T11:56:15.124625900
Creare materie,2022-05-31T11:56:15.129611700
Creare materie,2022-05-31T11:56:15.132603800
Creare materie,2022-05-31T11:56:15.135596400
Creare materie,2022-05-31T11:56:15.137590500
Creare profesor,2022-05-31T11:56:15.142577700
Creare profesor,2022-05-31T11:56:15.146566600
Creare profesor,2022-05-31T11:56:15.148561400
Creare profesor,2022-05-31T11:56:15.151553300
Adaugare student in catalog,2022-05-31T11:56:15.153548
Adaugare student in catalog,2022-05-31T11:56:15.154092700
Adaugare student in catalog,2022-05-31T11:56:15.154544900
Adaugare student in catalog,2022-05-31T11:56:15.154544900
Adaugare materie in catalog,2022-05-31T11:56:15.154544900
Adaugare materie in catalog,2022-05-31T11:56:15.155543200
Adaugare materie in catalog,2022-05-31T11:56:15.155543200
Adaugare materie in catalog,2022-05-31T11:56:15.155543200
Initializare catalog,2022-05-31T11:56:15.155543200
Adaugare nota student,2022-05-31T11:56:15.156539800
Adaugare nota student,2022-05-31T11:56:15.156539800
Adaugare nota student,2022-05-31T11:56:15.156539800
Adaugare nota student,2022-05-31T11:56:15.156539800
Afisare catalog,2022-05-31T11:56:15.157536900
Afisare note student,2022-05-31T11:56:22.862911600
Creare catalog,2022-05-31T11:56:49.515847400
Creare catalog,2022-05-31T11:56:49.518839900
Creare student,2022-05-31T11:56:49.987304200
Creare student,2022-05-31T11:56:49.991292800
Creare student,2022-05-31T11:56:49.993288
Creare student,2022-05-31T11:56:49.995283100
Creare materie,2022-05-31T11:56:50.000269500
Creare materie,2022-05-31T11:56:50.003261100
Creare materie,2022-05-31T11:56:50.005256200
Creare materie,2022-05-31T11:56:50.008247900
Creare profesor,2022-05-31T11:56:50.012237200
Creare profesor,2022-05-31T11:56:50.015229400
Creare profesor,2022-05-31T11:56:50.018221600
Creare profesor,2022-05-31T11:56:50.020215700
Adaugare student in catalog,2022-05-31T11:56:50.022210600
Adaugare student in catalog,2022-05-31T11:56:50.022210600
Adaugare student in catalog,2022-05-31T11:56:50.023207600
Adaugare student in catalog,2022-05-31T11:56:50.023207600
Adaugare materie in catalog,2022-05-31T11:56:50.023207600
Adaugare materie in catalog,2022-05-31T11:56:50.023207600
Adaugare materie in catalog,2022-05-31T11:56:50.024218
Adaugare materie in catalog,2022-05-31T11:56:50.024218
Initializare catalog,2022-05-31T11:56:50.024218
Adaugare nota student,2022-05-31T11:56:50.024218
Adaugare nota student,2022-05-31T11:56:50.025202400
Adaugare nota student,2022-05-31T11:56:50.025202400
Adaugare nota student,2022-05-31T11:56:50.025202400
Afisare catalog,2022-05-31T11:56:50.026200500
Afisare note student,2022-05-31T11:56:57.469123800
Creare catalog,2022-05-31T12:01:56.529180700
Creare catalog,2022-05-31T12:01:56.532173800
Creare student,2022-05-31T12:01:57.009215900
Creare student,2022-05-31T12:01:57.013119600
Creare student,2022-05-31T12:01:57.017083900
Creare student,2022-05-31T12:01:57.020076300
Creare materie,2022-05-31T12:01:57.026060400
Creare materie,2022-05-31T12:01:57.029051900
Creare materie,2022-05-31T12:01:57.033043200
Creare materie,2022-05-31T12:01:57.035035800
Creare profesor,2022-05-31T12:01:57.041019700
Creare profesor,2022-05-31T12:01:57.044011600
Creare profesor,2022-05-31T12:01:57.047003900
Creare profesor,2022-05-31T12:01:57.048999100
Adaugare student in catalog,2022-05-31T12:01:57.050993200
Adaugare student in catalog,2022-05-31T12:01:57.050993200
Adaugare student in catalog,2022-05-31T12:01:57.051990500
Adaugare student in catalog,2022-05-31T12:01:57.051990500
Adaugare materie in catalog,2022-05-31T12:01:57.051990500
Adaugare materie in catalog,2022-05-31T12:01:57.051990500
Adaugare materie in catalog,2022-05-31T12:01:57.052987900
Adaugare materie in catalog,2022-05-31T12:01:57.052987900
Initializare catalog,2022-05-31T12:01:57.053393300
Adaugare nota student,2022-05-31T12:01:57.053393300
Adaugare nota student,2022-05-31T12:01:57.053984900
Adaugare nota student,2022-05-31T12:01:57.053984900
Adaugare nota student,2022-05-31T12:01:57.053984900
Afisare catalog,2022-05-31T12:01:57.054602900
Creare catalog,2022-05-31T12:05:21.708370900
Creare catalog,2022-05-31T12:05:21.712364400
Creare student,2022-05-31T12:05:22.209897300
Creare student,2022-05-31T12:05:22.215882
Creare student,2022-05-31T12:05:22.218887500
Creare student,2022-05-31T12:05:22.222865400
Creare materie,2022-05-31T12:05:22.227998600
Creare materie,2022-05-31T12:05:22.232836700
Creare materie,2022-05-31T12:05:22.235828800
Creare materie,2022-05-31T12:05:22.238824300
Creare profesor,2022-05-31T12:05:22.243808400
Creare profesor,2022-05-31T12:05:22.248793500
Creare profesor,2022-05-31T12:05:22.250788400
Creare profesor,2022-05-31T12:05:22.254584500
Adaugare student in catalog,2022-05-31T12:05:22.256580700
Adaugare student in catalog,2022-05-31T12:05:22.256580700
Adaugare student in catalog,2022-05-31T12:05:22.257375200
Adaugare student in catalog,2022-05-31T12:05:22.257576900
Adaugare materie in catalog,2022-05-31T12:05:22.258327800
Adaugare materie in catalog,2022-05-31T12:05:22.258727500
Adaugare materie in catalog,2022-05-31T12:05:22.258727500
Adaugare materie in catalog,2022-05-31T12:05:22.258727500
Initializare catalog,2022-05-31T12:05:22.259625600
Adaugare nota student,2022-05-31T12:05:22.260123200
Adaugare nota student,2022-05-31T12:05:22.260123200
Adaugare nota student,2022-05-31T12:05:22.260568700
Adaugare nota student,2022-05-31T12:05:22.260568700
Afisare catalog,2022-05-31T12:05:22.261567200
Creare catalog,2022-05-31T12:05:42.058212300
Creare catalog,2022-05-31T12:05:42.061204100
Creare student,2022-05-31T12:05:42.577557900
Creare student,2022-05-31T12:05:42.581546100
Creare student,2022-05-31T12:05:42.584538600
Creare student,2022-05-31T12:05:42.587530700
Creare materie,2022-05-31T12:05:42.591519700
Creare materie,2022-05-31T12:05:42.594512700
Creare materie,2022-05-31T12:05:42.597504700
Creare materie,2022-05-31T12:05:42.600495900
Creare profesor,2022-05-31T12:05:42.604484900
Creare profesor,2022-05-31T12:05:42.607476600
Creare profesor,2022-05-31T12:05:42.609471800
Creare profesor,2022-05-31T12:05:42.611467600
Adaugare student in catalog,2022-05-31T12:05:42.613460900
Adaugare student in catalog,2022-05-31T12:05:42.613762800
Adaugare student in catalog,2022-05-31T12:05:42.614182400
Adaugare student in catalog,2022-05-31T12:05:42.614458700
Adaugare materie in catalog,2022-05-31T12:05:42.614458700
Adaugare materie in catalog,2022-05-31T12:05:42.614458700
Adaugare materie in catalog,2022-05-31T12:05:42.614458700
Adaugare materie in catalog,2022-05-31T12:05:42.615456400
Initializare catalog,2022-05-31T12:05:42.615456400
Adaugare nota student,2022-05-31T12:05:42.615456400
Adaugare nota student,2022-05-31T12:05:42.616453500
Adaugare nota student,2022-05-31T12:05:42.616453500
Adaugare nota student,2022-05-31T12:05:42.616453500
Afisare catalog,2022-05-31T12:05:42.616453500
Creare catalog,2022-05-31T12:06:20.326774
Creare catalog,2022-05-31T12:06:20.329765700
Creare student,2022-05-31T12:06:20.850728300
Creare student,2022-05-31T12:06:20.853720
Creare student,2022-05-31T12:06:20.858707700
Creare student,2022-05-31T12:06:20.861699500
Creare materie,2022-05-31T12:06:20.866686400
Creare materie,2022-05-31T12:06:20.869678400
Creare materie,2022-05-31T12:06:20.871672800
Creare materie,2022-05-31T12:06:20.873667200
Creare profesor,2022-05-31T12:06:20.878654
Creare profesor,2022-05-31T12:06:20.881646800
Creare profesor,2022-05-31T12:06:20.884638100
Creare profesor,2022-05-31T12:06:20.886632600
Adaugare student in catalog,2022-05-31T12:06:20.889625800
Adaugare student in catalog,2022-05-31T12:06:20.889625800
Adaugare student in catalog,2022-05-31T12:06:20.889625800
Adaugare student in catalog,2022-05-31T12:06:20.890622300
Adaugare materie in catalog,2022-05-31T12:06:20.890622300
Adaugare materie in catalog,2022-05-31T12:06:20.890622300
Adaugare materie in catalog,2022-05-31T12:06:20.891619600
Adaugare materie in catalog,2022-05-31T12:06:20.891619600
Initializare catalog,2022-05-31T12:06:20.891619600
Adaugare nota student,2022-05-31T12:06:20.891619600
Adaugare nota student,2022-05-31T12:06:20.892653800
Adaugare nota student,2022-05-31T12:06:20.892653800
Adaugare nota student,2022-05-31T12:06:20.892653800
Afisare catalog,2022-05-31T12:06:20.893779700
Creare catalog,2022-05-31T12:07:12.730130800
Creare catalog,2022-05-31T12:07:12.733122300
Creare student,2022-05-31T12:07:13.216108400
Creare student,2022-05-31T12:07:13.219099
Creare student,2022-05-31T12:07:13.221093700
Creare student,2022-05-31T12:07:13.224085900
Creare materie,2022-05-31T12:07:13.231297700
Creare materie,2022-05-31T12:07:13.234059
Creare materie,2022-05-31T12:07:13.236054400
Creare materie,2022-05-31T12:07:13.238048700
Creare profesor,2022-05-31T12:07:13.243036100
Creare profesor,2022-05-31T12:07:13.246027900
Creare profesor,2022-05-31T12:07:13.248021600
Creare profesor,2022-05-31T12:07:13.251031700
Adaugare student in catalog,2022-05-31T12:07:13.254007300
Adaugare student in catalog,2022-05-31T12:07:13.255003600
Adaugare student in catalog,2022-05-31T12:07:13.255003600
Adaugare student in catalog,2022-05-31T12:07:13.255003600
Adaugare materie in catalog,2022-05-31T12:07:13.256001100
Adaugare materie in catalog,2022-05-31T12:07:13.256001100
Adaugare materie in catalog,2022-05-31T12:07:13.256001100
Adaugare materie in catalog,2022-05-31T12:07:13.256998100
Initializare catalog,2022-05-31T12:07:13.256998100
Adaugare nota student,2022-05-31T12:07:13.256998100
Adaugare nota student,2022-05-31T12:07:13.257995600
Adaugare nota student,2022-05-31T12:07:13.257995600
Adaugare nota student,2022-05-31T12:07:13.257995600
Afisare catalog,2022-05-31T12:07:13.259042900
Creare catalog,2022-05-31T12:07:49.417708400
Creare catalog,2022-05-31T12:07:49.420701500
Creare student,2022-05-31T12:07:49.918201200
Creare student,2022-05-31T12:07:49.921192200
Creare student,2022-05-31T12:07:49.923186600
Creare student,2022-05-31T12:07:49.926179400
Creare materie,2022-05-31T12:07:49.931165700
Creare materie,2022-05-31T12:07:49.935155100
Creare materie,2022-05-31T12:07:49.937150100
Creare materie,2022-05-31T12:07:49.940141900
Creare profesor,2022-05-31T12:07:49.944131600
Creare profesor,2022-05-31T12:07:49.947156700
Creare profesor,2022-05-31T12:07:49.949117900
Creare profesor,2022-05-31T12:07:49.951113200
Adaugare student in catalog,2022-05-31T12:07:49.953107900
Adaugare student in catalog,2022-05-31T12:07:49.953107900
Adaugare student in catalog,2022-05-31T12:07:49.953107900
Adaugare student in catalog,2022-05-31T12:07:49.954105300
Adaugare materie in catalog,2022-05-31T12:07:49.954105300
Adaugare materie in catalog,2022-05-31T12:07:49.954105300
Adaugare materie in catalog,2022-05-31T12:07:49.955114400
Adaugare materie in catalog,2022-05-31T12:07:49.955114400
Initializare catalog,2022-05-31T12:07:49.955114400
Adaugare nota student,2022-05-31T12:07:49.955114400
Adaugare nota student,2022-05-31T12:07:49.956098900
Adaugare nota student,2022-05-31T12:07:49.956098900
Adaugare nota student,2022-05-31T12:07:49.956098900
Afisare catalog,2022-05-31T12:07:49.956098900
Creare catalog,2022-05-31T12:08:11.955423200
Creare catalog,2022-05-31T12:08:11.959615500
Creare student,2022-05-31T12:08:12.459592100
Creare student,2022-05-31T12:08:12.463580700
Creare student,2022-05-31T12:08:12.466572200
Creare student,2022-05-31T12:08:12.468566700
Creare materie,2022-05-31T12:08:12.473553900
Creare materie,2022-05-31T12:08:12.475548400
Creare materie,2022-05-31T12:08:12.478540300
Creare materie,2022-05-31T12:08:12.480534500
Creare profesor,2022-05-31T12:08:12.485521
Creare profesor,2022-05-31T12:08:12.488513
Creare profesor,2022-05-31T12:08:12.490508500
Creare profesor,2022-05-31T12:08:12.493500300
Adaugare student in catalog,2022-05-31T12:08:12.495494400
Adaugare student in catalog,2022-05-31T12:08:12.496491800
Adaugare student in catalog,2022-05-31T12:08:12.496491800
Adaugare student in catalog,2022-05-31T12:08:12.496491800
Adaugare materie in catalog,2022-05-31T12:08:12.497489600
Adaugare materie in catalog,2022-05-31T12:08:12.497489600
Adaugare materie in catalog,2022-05-31T12:08:12.497489600
Adaugare materie in catalog,2022-05-31T12:08:12.498486300
Initializare catalog,2022-05-31T12:08:12.498486300
Adaugare nota student,2022-05-31T12:08:12.499238900
Adaugare nota student,2022-05-31T12:08:12.499483600
Adaugare nota student,2022-05-31T12:08:12.499483600
Adaugare nota student,2022-05-31T12:08:12.499483600
Afisare catalog,2022-05-31T12:08:12.500511500
